/* メインで使うテーブル */
INSERT INTO employee_users_data (employee_id,username,company_code,company_depart_code,employee_name,password,enabled,sex,birthday,age,zip_code,address1,address2,address3,block_name,phone_number,email,employee_type,employee_type_code,Java,php,javascript,mysql,system_engeneer,python,android,design,entered_at,retirement_at,company_depart_entered_at,company_depart_retirement_at,created_at,updated_at,login_time,time_out_time,logout_time,deleted_at,memo,user_img,exist,email_flg) VALUES ('1','a','00001','00000','田中 剛','1234',TRUE,'1','1972/06/14','49','223-0066','神奈川県','横浜市港北区','高田西','3-14-21','09065592491','bvulanbvr@gmail.com','0','011','3','0','0','0','0','0','0','0','2016/08/09',NULL,'2021/03/03','2022/04/01','2016/08/18',NULL,NULL,NULL,NULL,NULL,NULL,NULL,1,1);
INSERT INTO employee_users_data (employee_id,username,company_code,company_depart_code,employee_name,password,enabled,sex,birthday,age,zip_code,address1,address2,address3,block_name,phone_number,email,employee_type,employee_type_code,Java,php,javascript,mysql,system_engeneer,python,android,design,entered_at,retirement_at,company_depart_entered_at,company_depart_retirement_at,created_at,updated_at,login_time,time_out_time,logout_time,deleted_at,memo,user_img,exist,email_flg) VALUES ('2','b','00001','00000','山田 武','1234',TRUE,'1','1998/02/27','24','223-0051','神奈川県','横浜市港北区','箕輪町','1-13','09034589154','bycuocb@yahoo.co.jp','0','014','1','0','0','0','0','0','0','0','2016/11/17',NULL,'2021/06/02','2022/09/27','2016/11/26',NULL,NULL,NULL,NULL,NULL,NULL,NULL,1,1);
INSERT INTO employee_users_data (employee_id,username,company_code,company_depart_code,employee_name,password,enabled,sex,birthday,age,zip_code,address1,address2,address3,block_name,phone_number,email,employee_type,employee_type_code,Java,php,javascript,mysql,system_engeneer,python,android,design,entered_at,retirement_at,company_depart_entered_at,company_depart_retirement_at,created_at,updated_at,login_time,time_out_time,logout_time,deleted_at,memo,user_img,exist,email_flg) VALUES ('3','c','00002','00000','近藤 勇','1234',TRUE,'1','2001/03/14','22','410-0014','静岡県','沼津市','松沢町','1982','08079218625','VIBbcaabc_bec@yahoo.co.jp','1','001','5','5','4','2','2','5','4','3','2018/04/02',NULL,'2021/02/13','2021/08/27','2018/04/05',NULL,NULL,NULL,NULL,NULL,NULL,NULL,1,1);
INSERT INTO employee_users_data (employee_id,username,company_code,company_depart_code,employee_name,password,enabled,sex,birthday,age,zip_code,address1,address2,address3,block_name,phone_number,email,employee_type,employee_type_code,Java,php,javascript,mysql,system_engeneer,python,android,design,entered_at,retirement_at,company_depart_entered_at,company_depart_retirement_at,created_at,updated_at,login_time,time_out_time,logout_time,deleted_at,memo,user_img,exist,email_flg) VALUES ('4','d','00002','00112','石野 哲夫','1234',TRUE,'1','1986/05/06','38','581-0045','大阪府','八尾市','西木の本','602','05018521641','vaer_yu@softbank.ne.jp','0','013','1','0','0','0','0','0','0','0','2021/06/03',NULL,'2021/04/24','2022/11/02','2021/06/07',NULL,NULL,NULL,NULL,NULL,NULL,NULL,1,1);
INSERT INTO employee_users_data (employee_id,username,company_code,company_depart_code,employee_name,password,enabled,sex,birthday,age,zip_code,address1,address2,address3,block_name,phone_number,email,employee_type,employee_type_code,Java,php,javascript,mysql,system_engeneer,python,android,design,entered_at,retirement_at,company_depart_entered_at,company_depart_retirement_at,created_at,updated_at,login_time,time_out_time,logout_time,deleted_at,memo,user_img,exist,email_flg) VALUES ('5','e','00003','00112','狩屋 竜','1234',TRUE,'1','1997/08/17','28','100-0014','東京都','千代田区','永田町','2-9-1','09015491651','bcyy@gmail.com','0','016','2','0','0','0','0','0','0','0','2018/08/09',NULL,'2021/03/06','2021/09/09','2018/08/16',NULL,NULL,NULL,NULL,NULL,NULL,NULL,1,1);
INSERT INTO employee_users_data (employee_id,username,company_code,company_depart_code,employee_name,password,enabled,sex,birthday,age,zip_code,address1,address2,address3,block_name,phone_number,email,employee_type,employee_type_code,Java,php,javascript,mysql,system_engeneer,python,android,design,entered_at,retirement_at,company_depart_entered_at,company_depart_retirement_at,created_at,updated_at,login_time,time_out_time,logout_time,deleted_at,memo,user_img,exist,email_flg) VALUES ('6','f','00002','22376','野口 英雄','1234',TRUE,'1','1989/01/14','37','113-0032','東京都','文京区','弥生','3-14-21','09015616815','condcond@yahoo.co.jp','1','003','5','4','2','1','1','0','0','0','2018/03/04',NULL,'2021/05/07','2022/09/21','2018/03/10',NULL,NULL,NULL,NULL,NULL,NULL,NULL,1,1);
INSERT INTO employee_users_data (employee_id,username,company_code,company_depart_code,employee_name,password,enabled,sex,birthday,age,zip_code,address1,address2,address3,block_name,phone_number,email,employee_type,employee_type_code,Java,php,javascript,mysql,system_engeneer,python,android,design,entered_at,retirement_at,company_depart_entered_at,company_depart_retirement_at,created_at,updated_at,login_time,time_out_time,logout_time,deleted_at,memo,user_img,exist,email_flg) VALUES ('7','g','00003','22376','樋口 二葉','1234',TRUE,'2','1997/03/15','30','111-0035','東京都','台東区','西浅草','49-2','08015616512','bvawruyravbryubv@gmail.com','0','012','0','5','3','0','0','0','0','0','2018/12/17',NULL,'2021/06/08','2022/03/30','2018/12/24',NULL,NULL,NULL,NULL,NULL,NULL,NULL,1,1);
INSERT INTO employee_users_data (employee_id,username,company_code,company_depart_code,employee_name,password,enabled,sex,birthday,age,zip_code,address1,address2,address3,block_name,phone_number,email,employee_type,employee_type_code,Java,php,javascript,mysql,system_engeneer,python,android,design,entered_at,retirement_at,company_depart_entered_at,company_depart_retirement_at,created_at,updated_at,login_time,time_out_time,logout_time,deleted_at,memo,user_img,exist,email_flg) VALUES ('8','h','00004','45545','福沢 ゆう吉','1234',TRUE,'1','1996/04/01','32','162-0056','東京都','新宿区','若松町','52-14','08015605131','varbuhl@gmail.com','1','004','0','5','0','0','0','0','0','0','2016/07/19',NULL,'2021/03/19','2022/02/08','2016/07/23',NULL,NULL,NULL,NULL,NULL,NULL,NULL,1,1);
INSERT INTO employee_users_data (employee_id,username,company_code,company_depart_code,employee_name,password,enabled,sex,birthday,age,zip_code,address1,address2,address3,block_name,phone_number,email,employee_type,employee_type_code,Java,php,javascript,mysql,system_engeneer,python,android,design,entered_at,retirement_at,company_depart_entered_at,company_depart_retirement_at,created_at,updated_at,login_time,time_out_time,logout_time,deleted_at,memo,user_img,exist,email_flg) VALUES ('9','i','00005','45545','目黒 太郎','1234',TRUE,'1','2003/06/07','26','150-0001','東京都','渋谷区','神宮前','1-13-1','09015615151','cabyicb@gmail.com','0','013','0','3','0','0','0','0','0','0','2021/01/07',NULL,'2021/04/27','2022/10/20','2021/01/14',NULL,NULL,NULL,NULL,NULL,NULL,NULL,1,1);
INSERT INTO employee_users_data (employee_id,username,company_code,company_depart_code,employee_name,password,enabled,sex,birthday,age,zip_code,address1,address2,address3,block_name,phone_number,email,employee_type,employee_type_code,Java,php,javascript,mysql,system_engeneer,python,android,design,entered_at,retirement_at,company_depart_entered_at,company_depart_retirement_at,created_at,updated_at,login_time,time_out_time,logout_time,deleted_at,memo,user_img,exist,email_flg) VALUES ('10','j','00001','12012','渋谷 ゆえこ','1234',TRUE,'2','2015/03/04','15','166-0015','東京都','杉並区','成田東','302','09058481818','bieiub@docomo.ne.jp','0','011','0','2','0','0','0','0','0','0','2018/05/22','2021/07/06','2021/05/21','2022/08/12','2018/05/27',NULL,NULL,NULL,NULL,NULL,NULL,NULL,1,1);
INSERT INTO employee_users_data (employee_id,username,company_code,company_depart_code,employee_name,password,enabled,sex,birthday,age,zip_code,address1,address2,address3,block_name,phone_number,email,employee_type,employee_type_code,Java,php,javascript,mysql,system_engeneer,python,android,design,entered_at,retirement_at,company_depart_entered_at,company_depart_retirement_at,created_at,updated_at,login_time,time_out_time,logout_time,deleted_at,memo,user_img,exist,email_flg) VALUES ('11','k','00003','12012','山田 供','1234',TRUE,'1','2020/04/06','18','179-0083','東京都','練馬区','平和台','1-13','09007210721','cbuyabcal@yahoo.co.jp','0','012','5','3','4','2','1','0','0','0','2017/11/07',NULL,'2021/07/14','2022/02/27','2017/11/15',NULL,NULL,NULL,NULL,NULL,NULL,NULL,1,1);
INSERT INTO employee_users_data (employee_id,username,company_code,company_depart_code,employee_name,password,enabled,sex,birthday,age,zip_code,address1,address2,address3,block_name,phone_number,email,employee_type,employee_type_code,Java,php,javascript,mysql,system_engeneer,python,android,design,entered_at,retirement_at,company_depart_entered_at,company_depart_retirement_at,created_at,updated_at,login_time,time_out_time,logout_time,deleted_at,memo,user_img,exist,email_flg) VALUES ('12','l','00002','00000','真田 幸恵','1234',TRUE,'2','1976/04/07','56','333-0824','埼玉県','川口市','赤芝新田','1-24','08019154161','cbuaiibcab___a@gmail.com','0','015','4','0','0','0','0','0','0','0','2020/12/09',NULL,'2021/04/20','2021/12/12','2020/12/13',NULL,NULL,NULL,NULL,NULL,NULL,NULL,1,);
INSERT INTO employee_users_data (employee_id,username,company_code,company_depart_code,employee_name,password,enabled,sex,birthday,age,zip_code,address1,address2,address3,block_name,phone_number,email,employee_type,employee_type_code,Java,php,javascript,mysql,system_engeneer,python,android,design,entered_at,retirement_at,company_depart_entered_at,company_depart_retirement_at,created_at,updated_at,login_time,time_out_time,logout_time,deleted_at,memo,user_img,exist,email_flg) VALUES ('13','m','00005','12012','課長 半壊','1234',TRUE,'1','2026/04/06','18','358-0011','埼玉県','入間市','下藤沢','6-30-8','05012348131','asb@gmail.com','1','002','5','4','3','2','2','5','2','0','2021/06/25',NULL,'2021/04/06','2022/06/06','2021/07/02',NULL,NULL,NULL,NULL,NULL,NULL,NULL,1,1);
INSERT INTO employee_users_data (employee_id,username,company_code,company_depart_code,employee_name,password,enabled,sex,birthday,age,zip_code,address1,address2,address3,block_name,phone_number,email,employee_type,employee_type_code,Java,php,javascript,mysql,system_engeneer,python,android,design,entered_at,retirement_at,company_depart_entered_at,company_depart_retirement_at,created_at,updated_at,login_time,time_out_time,logout_time,deleted_at,memo,user_img,exist,email_flg) VALUES ('14','n','00006','23376','てんぱ くん','1234',TRUE,'1','1997/10/23','37','851-1315','長崎県','長崎市','高島町','1-6','09018613181','asdiabi@gmail.com','1','001','5','2','4','1','0','2','0','0','2020/12/19',NULL,'2021/06/13','2022/08/02','2020/12/25',NULL,NULL,NULL,NULL,NULL,NULL,NULL,1,1);
INSERT INTO employee_users_data (employee_id,username,company_code,company_depart_code,employee_name,password,enabled,sex,birthday,age,zip_code,address1,address2,address3,block_name,phone_number,email,employee_type,employee_type_code,Java,php,javascript,mysql,system_engeneer,python,android,design,entered_at,retirement_at,company_depart_entered_at,company_depart_retirement_at,created_at,updated_at,login_time,time_out_time,logout_time,deleted_at,memo,user_img,exist,email_flg) VALUES ('16','o','00001','00113','飯尾 和子','1234',TRUE,'2','1990/05/14','31','408-0314','山梨県','北杜市','白州町大坊','4-16-12','09021444269','keiichi01999@cmbsqucy.enw','0','016','3','0','0','0','0','0','0','0','2019/01/05',NULL,'2021/05/21','2022/02/11','2019/01/14',NULL,NULL,NULL,NULL,NULL,NULL,NULL,1,1);
INSERT INTO employee_users_data (employee_id,username,company_code,company_depart_code,employee_name,password,enabled,sex,birthday,age,zip_code,address1,address2,address3,block_name,phone_number,email,employee_type,employee_type_code,Java,php,javascript,mysql,system_engeneer,python,android,design,entered_at,retirement_at,company_depart_entered_at,company_depart_retirement_at,created_at,updated_at,login_time,time_out_time,logout_time,deleted_at,memo,user_img,exist,email_flg) VALUES ('17','p','00001','00120','草野 雄介','1234',TRUE,'1','2002/05/14','50','370-0128','群馬県','伊勢崎市','境保泉','1168','09023044443','amna806@dgyeh.dghp.ess','0','011','4','0','0','0','0','0','0','0','2020/05/30',NULL,'2021/03/26','2022/07/19','2020/06/08',NULL,NULL,NULL,NULL,NULL,NULL,NULL,1,1);
INSERT INTO employee_users_data (employee_id,username,company_code,company_depart_code,employee_name,password,enabled,sex,birthday,age,zip_code,address1,address2,address3,block_name,phone_number,email,employee_type,employee_type_code,Java,php,javascript,mysql,system_engeneer,python,android,design,entered_at,retirement_at,company_depart_entered_at,company_depart_retirement_at,created_at,updated_at,login_time,time_out_time,logout_time,deleted_at,memo,user_img,exist,email_flg) VALUES ('18','q','00002','00004','内藤 英一','1234',TRUE,'1','1983/05/19','38','520-0845','滋賀県','大津市','若葉台','3-5-13','08029549060','michio98363@sscfq.fhyh.lq','1','004','5','2','1','1','1','0','0','0','2016/05/14',NULL,'2021/02/07','2022/08/24','2016/05/17',NULL,NULL,NULL,NULL,NULL,NULL,NULL,1,1);
INSERT INTO employee_users_data (employee_id,username,company_code,company_depart_code,employee_name,password,enabled,sex,birthday,age,zip_code,address1,address2,address3,block_name,phone_number,email,employee_type,employee_type_code,Java,php,javascript,mysql,system_engeneer,python,android,design,entered_at,retirement_at,company_depart_entered_at,company_depart_retirement_at,created_at,updated_at,login_time,time_out_time,logout_time,deleted_at,memo,user_img,exist,email_flg) VALUES ('19','r','00002','00004','猪越 珀英','1234',TRUE,'1','1977/07/06','44','691-0064','島根県','出雲市','上岡田町','1-17-19 上岡田町プラザ411','08092613946','takaohino@ustmzke.wd.gsc','0','013','2','0','0','0','0','0','0','0','2018/12/19',NULL,'2021/02/07','2021/12/22','2018/12/26',NULL,NULL,NULL,NULL,NULL,NULL,NULL,1,1);
INSERT INTO employee_users_data (employee_id,username,company_code,company_depart_code,employee_name,password,enabled,sex,birthday,age,zip_code,address1,address2,address3,block_name,phone_number,email,employee_type,employee_type_code,Java,php,javascript,mysql,system_engeneer,python,android,design,entered_at,retirement_at,company_depart_entered_at,company_depart_retirement_at,created_at,updated_at,login_time,time_out_time,logout_time,deleted_at,memo,user_img,exist,email_flg) VALUES ('20','s','00003','00005','竹内 仁','1234',TRUE,'1','1985/07/30','35','475-0019','愛知県','半田市','のぞみが丘','3-14-10 パークのぞみが丘201','09068332732','kensukemizushima@rigtlp.eyp.gn','0','012','2','0','0','0','0','0','0','0','2021/02/18','2021/01/01','2021/05/10','2022/04/15','2021/02/21',NULL,NULL,NULL,NULL,NULL,NULL,NULL,1,1);
INSERT INTO employee_users_data (employee_id,username,company_code,company_depart_code,employee_name,password,enabled,sex,birthday,age,zip_code,address1,address2,address3,block_name,phone_number,email,employee_type,employee_type_code,Java,php,javascript,mysql,system_engeneer,python,android,design,entered_at,retirement_at,company_depart_entered_at,company_depart_retirement_at,created_at,updated_at,login_time,time_out_time,logout_time,deleted_at,memo,user_img,exist,email_flg) VALUES ('21','t','00002','11220','明治 麻斗','1234',TRUE,'1','1964/09/09','56','925-0202','石川県','羽咋郡志賀町','代田','3-1-14','09045188259','masahironamba@bhgotmpebs.fumn.he','1','003','5','0','3','2','2','0','0','0','2019/03/13',NULL,'2021/03/29','2021/09/02','2019/03/19',NULL,NULL,NULL,NULL,NULL,NULL,NULL,1,1);
INSERT INTO employee_users_data (employee_id,username,company_code,company_depart_code,employee_name,password,enabled,sex,birthday,age,zip_code,address1,address2,address3,block_name,phone_number,email,employee_type,employee_type_code,Java,php,javascript,mysql,system_engeneer,python,android,design,entered_at,retirement_at,company_depart_entered_at,company_depart_retirement_at,created_at,updated_at,login_time,time_out_time,logout_time,deleted_at,memo,user_img,exist,email_flg) VALUES ('22','u','00003','45645','大川 亜隆','1234',TRUE,'1','1991/12/27','29','635-0053','奈良県','大和高田市','秋吉','42-56','08076949173','haruka_hori@fioslclb.aa','0','014','0','1','0','0','0','0','0','0','2020/01/19',NULL,'2021/02/15','2022/07/10','2020/01/28',NULL,NULL,NULL,NULL,NULL,NULL,NULL,1,1);
INSERT INTO employee_users_data (employee_id,username,company_code,company_depart_code,employee_name,password,enabled,sex,birthday,age,zip_code,address1,address2,address3,block_name,phone_number,email,employee_type,employee_type_code,Java,php,javascript,mysql,system_engeneer,python,android,design,entered_at,retirement_at,company_depart_entered_at,company_depart_retirement_at,created_at,updated_at,login_time,time_out_time,logout_time,deleted_at,memo,user_img,exist,email_flg) VALUES ('23','v','00004','00000','中沢 潮沙身','1234',TRUE,'1','1999/01/23','22','779-5326','徳島県','三好市','山城町仏子','126','09073158426','seitarou386@ykereqmmsk.dsu','1','002','5','1','4','1','2','0','2','0','2019/12/27',NULL,'2021/03/30','2022/11/19','2020/01/04',NULL,NULL,NULL,NULL,NULL,NULL,NULL,1,1);
INSERT INTO employee_users_data (employee_id,username,company_code,company_depart_code,employee_name,password,enabled,sex,birthday,age,zip_code,address1,address2,address3,block_name,phone_number,email,employee_type,employee_type_code,Java,php,javascript,mysql,system_engeneer,python,android,design,entered_at,retirement_at,company_depart_entered_at,company_depart_retirement_at,created_at,updated_at,login_time,time_out_time,logout_time,deleted_at,memo,user_img,exist,email_flg) VALUES ('24','w','00005','00000','草刈 華','1234',TRUE,'1','1972/05/03','49','304-0068','茨城県','下妻市','下妻丁','1-14-11','08021533998','airi_hatanaka@krhewnyr.qr','0','013','0','2','0','0','0','0','0','0','2018/07/16',NULL,'2021/07/20','2021/12/09','2018/07/23',NULL,NULL,NULL,NULL,NULL,NULL,NULL,1,1);
INSERT INTO employee_users_data (employee_id,username,company_code,company_depart_code,employee_name,password,enabled,sex,birthday,age,zip_code,address1,address2,address3,block_name,phone_number,email,employee_type,employee_type_code,Java,php,javascript,mysql,system_engeneer,python,android,design,entered_at,retirement_at,company_depart_entered_at,company_depart_retirement_at,created_at,updated_at,login_time,time_out_time,logout_time,deleted_at,memo,user_img,exist,email_flg) VALUES ('25','x','00001','00000','和上 悠斗','1234',TRUE,'1','1983/06/20','38','756-0087','山口県','山陽小野田市','高須','2-06-15 高須庵218','09079024494','omiyoshi@bruzcpfeda.zzy','0','011','2','0','0','0','0','0','0','0','2016/07/08',NULL,'2021/06/26','2021/11/26','2016/07/14',NULL,NULL,NULL,NULL,NULL,NULL,NULL,1,1);
INSERT INTO employee_users_data (employee_id,username,company_code,company_depart_code,employee_name,password,enabled,sex,birthday,age,zip_code,address1,address2,address3,block_name,phone_number,email,employee_type,employee_type_code,Java,php,javascript,mysql,system_engeneer,python,android,design,entered_at,retirement_at,company_depart_entered_at,company_depart_retirement_at,created_at,updated_at,login_time,time_out_time,logout_time,deleted_at,memo,user_img,exist,email_flg) VALUES ('26','y','00003','00112','藍葉 楽','1234',TRUE,'1','1987/09/15','33','780-8006','高知県','高知市','萩町','201','08044030812','hideo85572@tydydh.cb','0','012','0','4','0','0','0','0','0','0','2020/08/14',NULL,'2021/02/01','2021/09/25','2020/08/21',NULL,NULL,NULL,NULL,NULL,NULL,NULL,1,1);
INSERT INTO employee_users_data (employee_id,username,company_code,company_depart_code,employee_name,password,enabled,sex,birthday,age,zip_code,address1,address2,address3,block_name,phone_number,email,employee_type,employee_type_code,Java,php,javascript,mysql,system_engeneer,python,android,design,entered_at,retirement_at,company_depart_entered_at,company_depart_retirement_at,created_at,updated_at,login_time,time_out_time,logout_time,deleted_at,memo,user_img,exist,email_flg) VALUES ('27','z','00002','00112','石川 永哉','1234',TRUE,'1','2000/12/13','20','981-4415','宮城県','加美郡加美町','米泉','420','09077535876','odntqw=avx=znaho7926@mofvfsvsrb.jjc','0','011','4','0','0','0','0','0','0','0','2019/08/01',NULL,'2021/04/22','2022/03/02','2019/08/04',NULL,NULL,NULL,NULL,NULL,NULL,NULL,1,1);
INSERT INTO employee_users_data (employee_id,username,company_code,company_depart_code,employee_name,password,enabled,sex,birthday,age,zip_code,address1,address2,address3,block_name,phone_number,email,employee_type,employee_type_code,Java,php,javascript,mysql,system_engeneer,python,android,design,entered_at,retirement_at,company_depart_entered_at,company_depart_retirement_at,created_at,updated_at,login_time,time_out_time,logout_time,deleted_at,memo,user_img,exist,email_flg) VALUES ('28','aa','00005','22376','北川 和弘','1234',TRUE,'1','1979/07/01','42','252-0811','神奈川県','藤沢市','桐原町','2-19-7','09019311725','morihiro030@roxr.om','1','001','0','5','4','2','2','0','0','3','2020/01/17',NULL,'2021/06/02','2022/07/13','2020/01/21',NULL,NULL,NULL,NULL,NULL,NULL,NULL,1,1);
INSERT INTO employee_users_data (employee_id,username,company_code,company_depart_code,employee_name,password,enabled,sex,birthday,age,zip_code,address1,address2,address3,block_name,phone_number,email,employee_type,employee_type_code,Java,php,javascript,mysql,system_engeneer,python,android,design,entered_at,retirement_at,company_depart_entered_at,company_depart_retirement_at,created_at,updated_at,login_time,time_out_time,logout_time,deleted_at,memo,user_img,exist,email_flg) VALUES ('29','ab','00006','22376','生三 真','1234',TRUE,'1','1975/11/06','45','930-0455','富山県','中新川郡上市町','湯崎野','3-10-10 湯崎野プレシャス213','09072699716','hisao7302@lstqd.az.ych','1','002','5','2','1','1','1','0','0','0','2019/08/26',NULL,'2021/02/13','2022/10/13','2019/09/05',NULL,NULL,NULL,NULL,NULL,NULL,NULL,1,1);
INSERT INTO employee_users_data (employee_id,username,company_code,company_depart_code,employee_name,password,enabled,sex,birthday,age,zip_code,address1,address2,address3,block_name,phone_number,email,employee_type,employee_type_code,Java,php,javascript,mysql,system_engeneer,python,android,design,entered_at,retirement_at,company_depart_entered_at,company_depart_retirement_at,created_at,updated_at,login_time,time_out_time,logout_time,deleted_at,memo,user_img,exist,email_flg) VALUES ('30','ac','00001','45545','知地 悠貴','1234',TRUE,'1','1988/06/22','33','918-8134','福井県','福井市','下莇生田町','1-17-10','09025099851','hirohisaokamoto@egmnbpzt.meo','0','015','2','0','0','0','0','0','0','0','2019/04/09',NULL,'2021/06/04','2022/11/10','2019/04/17',NULL,NULL,NULL,NULL,NULL,NULL,NULL,1,1);
INSERT INTO employee_users_data (employee_id,username,company_code,company_depart_code,employee_name,password,enabled,sex,birthday,age,zip_code,address1,address2,address3,block_name,phone_number,email,employee_type,employee_type_code,Java,php,javascript,mysql,system_engeneer,python,android,design,entered_at,retirement_at,company_depart_entered_at,company_depart_retirement_at,created_at,updated_at,login_time,time_out_time,logout_time,deleted_at,memo,user_img,exist,email_flg) VALUES ('31','ad','00001','45545','正ケ峯 亡優幸','1234',TRUE,'1','1976/01/09','45','079-1582','北海道','富良野市','山部東２７線','116','09072987377','toshiharu4665@nnknw.uyg','0','016','1','0','0','0','0','0','0','0','2018/11/13',NULL,'2021/05/28','2021/10/23','2018/11/22',NULL,NULL,NULL,NULL,NULL,NULL,NULL,1,1);
INSERT INTO employee_users_data (employee_id,username,company_code,company_depart_code,employee_name,password,enabled,sex,birthday,age,zip_code,address1,address2,address3,block_name,phone_number,email,employee_type,employee_type_code,Java,php,javascript,mysql,system_engeneer,python,android,design,entered_at,retirement_at,company_depart_entered_at,company_depart_retirement_at,created_at,updated_at,login_time,time_out_time,logout_time,deleted_at,memo,user_img,exist,email_flg) VALUES ('32','ae','00002','12012','鍛 玄猛','1234',TRUE,'1','1963/02/02','58','792-0827','愛媛県','新居浜市','西喜光地町','36-53','09083966087','nnkfbvzlcgdksumire316@qwxnvmqh.sr','1','003','1','5','3','2','2','0','0','0','2016/12/26',NULL,'2021/02/20','2022/11/08','2017/01/03',NULL,NULL,NULL,NULL,NULL,NULL,NULL,1,1);
INSERT INTO employee_users_data (employee_id,username,company_code,company_depart_code,employee_name,password,enabled,sex,birthday,age,zip_code,address1,address2,address3,block_name,phone_number,email,employee_type,employee_type_code,Java,php,javascript,mysql,system_engeneer,python,android,design,entered_at,retirement_at,company_depart_entered_at,company_depart_retirement_at,created_at,updated_at,login_time,time_out_time,logout_time,deleted_at,memo,user_img,exist,email_flg) VALUES ('33','af','00002','12012','西 優迂','1234',TRUE,'1','1962/03/14','59','949-6762','新潟県','南魚沼市','中川新田','2236','08098618367','Yuuichi_Hanaoka@tagqfnktcm.pl','0','016','3','0','0','0','0','0','0','0','2019/03/14',NULL,'2021/03/04','2022/11/02','2019/03/22',NULL,NULL,NULL,NULL,NULL,NULL,NULL,1,1);
INSERT INTO employee_users_data (employee_id,username,company_code,company_depart_code,employee_name,password,enabled,sex,birthday,age,zip_code,address1,address2,address3,block_name,phone_number,email,employee_type,employee_type_code,Java,php,javascript,mysql,system_engeneer,python,android,design,entered_at,retirement_at,company_depart_entered_at,company_depart_retirement_at,created_at,updated_at,login_time,time_out_time,logout_time,deleted_at,memo,user_img,exist,email_flg) VALUES ('34','ag','00003','00000','生頭 隆市郎','1234',TRUE,'1','1967/01/22','54','036-0233','青森県','平川市','日沼富田','3-16-15 日沼富田マンション403','08026835615','ikoike@evuhfmfept.va','0','016','4','0','0','0','0','0','0','0','2018/05/18',NULL,'2021/03/10','2022/04/30','2018/05/27',NULL,NULL,NULL,NULL,NULL,NULL,NULL,1,1);
INSERT INTO employee_users_data (employee_id,username,company_code,company_depart_code,employee_name,password,enabled,sex,birthday,age,zip_code,address1,address2,address3,block_name,phone_number,email,employee_type,employee_type_code,Java,php,javascript,mysql,system_engeneer,python,android,design,entered_at,retirement_at,company_depart_entered_at,company_depart_retirement_at,created_at,updated_at,login_time,time_out_time,logout_time,deleted_at,memo,user_img,exist,email_flg) VALUES ('35','ah','00002','12012','竹生 遥希','1234',TRUE,'1','1991/06/25','30','668-0277','兵庫県','豊岡市','出石町丸中','3-19-5','08078273950','katsuhiko8662@gowqzst.nbt','1','004','5','0','1','1','1','0','4','2','2021/03/07',NULL,'2021/02/26','2022/07/20','2021/03/13',NULL,NULL,NULL,NULL,NULL,NULL,NULL,1,1);
INSERT INTO employee_users_data (employee_id,username,company_code,company_depart_code,employee_name,password,enabled,sex,birthday,age,zip_code,address1,address2,address3,block_name,phone_number,email,employee_type,employee_type_code,Java,php,javascript,mysql,system_engeneer,python,android,design,entered_at,retirement_at,company_depart_entered_at,company_depart_retirement_at,created_at,updated_at,login_time,time_out_time,logout_time,deleted_at,memo,user_img,exist,email_flg) VALUES ('36','ai','00003','23376','北中山 多彼志','1234',TRUE,'1','1963/12/15','57','762-0007','香川県','坂出市','室町','2-8-19 室町の杜408','08053959516','uqbfxxcymxkdhnvmasayuki674@hlbnbz.qt','0','011','2','0','0','0','0','0','0','0','2019/03/15',NULL,'2021/02/03','2022/02/09','2019/03/25',NULL,NULL,NULL,NULL,NULL,NULL,NULL,1,1);
INSERT INTO employee_users_data (employee_id,username,company_code,company_depart_code,employee_name,password,enabled,sex,birthday,age,zip_code,address1,address2,address3,block_name,phone_number,email,employee_type,employee_type_code,Java,php,javascript,mysql,system_engeneer,python,android,design,entered_at,retirement_at,company_depart_entered_at,company_depart_retirement_at,created_at,updated_at,login_time,time_out_time,logout_time,deleted_at,memo,user_img,exist,email_flg) VALUES ('37','aj','00004','34515','斗澤 洋介','1234',TRUE,'1','2001/01/21','20','640-8029','和歌山県','和歌山市','南桶屋町','12-27','09052655185','nono06260@sivrlaqoo.keu','1','001','0','5','4','0','0','0','0','0','2016/04/16',NULL,'2021/06/25','2022/08/17','2016/04/25',NULL,NULL,NULL,NULL,NULL,NULL,NULL,1,1);
INSERT INTO employee_users_data (employee_id,username,company_code,company_depart_code,employee_name,password,enabled,sex,birthday,age,zip_code,address1,address2,address3,block_name,phone_number,email,employee_type,employee_type_code,Java,php,javascript,mysql,system_engeneer,python,android,design,entered_at,retirement_at,company_depart_entered_at,company_depart_retirement_at,created_at,updated_at,login_time,time_out_time,logout_time,deleted_at,memo,user_img,exist,email_flg) VALUES ('38','ak','00005','34515','沢田 山飛','1234',TRUE,'1','1989/07/16','32','247-0065','神奈川県','鎌倉市','上町屋','106-43','09011606518','akouya@debpejujnw.mf','0','011','5','0','0','1','1','2','0','0','2018/08/24',NULL,'2021/03/22','2022/09/25','2018/08/27',NULL,NULL,NULL,NULL,NULL,NULL,NULL,1,1);
INSERT INTO employee_users_data (employee_id,username,company_code,company_depart_code,employee_name,password,enabled,sex,birthday,age,zip_code,address1,address2,address3,block_name,phone_number,email,employee_type,employee_type_code,Java,php,javascript,mysql,system_engeneer,python,android,design,entered_at,retirement_at,company_depart_entered_at,company_depart_retirement_at,created_at,updated_at,login_time,time_out_time,logout_time,deleted_at,memo,user_img,exist,email_flg) VALUES ('39','al','00001','00012','上野 巽','1234',TRUE,'1','1985/12/31','35','322-0073','栃木県','鹿沼市','西鹿沼町','27-1-23','08098627327','yuunatamagi@imjeualf.zcdp.ig','0','012','3','0','0','0','0','0','0','0','2018/03/04',NULL,'2021/02/19','2022/03/21','2018/03/14',NULL,NULL,NULL,NULL,NULL,NULL,NULL,1,1);
INSERT INTO employee_users_data (employee_id,username,company_code,company_depart_code,employee_name,password,enabled,sex,birthday,age,zip_code,address1,address2,address3,block_name,phone_number,email,employee_type,employee_type_code,Java,php,javascript,mysql,system_engeneer,python,android,design,entered_at,retirement_at,company_depart_entered_at,company_depart_retirement_at,created_at,updated_at,login_time,time_out_time,logout_time,deleted_at,memo,user_img,exist,email_flg) VALUES ('40','am','00003','00001','伊織 剛','1234',TRUE,'1','1963/10/19','57','540-0007','大阪府','大阪市中央区','馬場町','4-27-1','09026399045','kei241@rktimxnhu.zhobi.xbp','0','013','1','0','0','0','0','0','0','0','2019/09/14',NULL,'2021/04/23','2022/04/29','2019/09/17',NULL,NULL,NULL,NULL,NULL,NULL,NULL,1,1);
INSERT INTO employee_users_data (employee_id,username,company_code,company_depart_code,employee_name,password,enabled,sex,birthday,age,zip_code,address1,address2,address3,block_name,phone_number,email,employee_type,employee_type_code,Java,php,javascript,mysql,system_engeneer,python,android,design,entered_at,retirement_at,company_depart_entered_at,company_depart_retirement_at,created_at,updated_at,login_time,time_out_time,logout_time,deleted_at,memo,user_img,exist,email_flg) VALUES ('41','an','00002','34401','圓光 唄祐','1234',TRUE,'1','1984/09/19','36','690-0024','島根県','松江市','馬潟町','2-5-5','08050033816','shino0272@wsersso.hbp','0','012','0','3','0','0','0','0','0','0','2018/08/04',NULL,'2021/04/13','2022/04/08','2018/08/11',NULL,NULL,NULL,NULL,NULL,NULL,NULL,NULL,NULL);
INSERT INTO employee_users_data (employee_id,username,company_code,company_depart_code,employee_name,password,enabled,sex,birthday,age,zip_code,address1,address2,address3,block_name,phone_number,email,employee_type,employee_type_code,Java,php,javascript,mysql,system_engeneer,python,android,design,entered_at,retirement_at,company_depart_entered_at,company_depart_retirement_at,created_at,updated_at,login_time,time_out_time,logout_time,deleted_at,memo,user_img,exist,email_flg) VALUES ('42','ao','00005','34401','菜 悠翔','1234',TRUE,'1','1997/06/02','24','634-0032','奈良県','橿原市','田中町','3-1-82','08049876627','t-b-wqrswfumika701@hloaxyawgd.ns','1','001','0','5','2','0','0','0','0','1','2018/05/17','2018/05/24','2021/03/19','2022/09/19','2018/05/27',NULL,NULL,NULL,NULL,NULL,NULL,NULL,1,1);
INSERT INTO employee_users_data (employee_id,username,company_code,company_depart_code,employee_name,password,enabled,sex,birthday,age,zip_code,address1,address2,address3,block_name,phone_number,email,employee_type,employee_type_code,Java,php,javascript,mysql,system_engeneer,python,android,design,entered_at,retirement_at,company_depart_entered_at,company_depart_retirement_at,created_at,updated_at,login_time,time_out_time,logout_time,deleted_at,memo,user_img,exist,email_flg) VALUES ('43','ap','00006','01965','横江 克彦','1234',TRUE,'1','1972/07/26','48','901-2225','沖縄県','宜野湾市','大謝名','1-6-19 プラザ大謝名111','08016200204','ysaflzuvgpyukina43611@zshbtr.crc','1','001','0','5','4','0','0','0','0','3','2016/07/30',NULL,'2021/04/19','2022/07/18','2016/08/06',NULL,NULL,NULL,NULL,NULL,NULL,NULL,1,1);
INSERT INTO employee_users_data (employee_id,username,company_code,company_depart_code,employee_name,password,enabled,sex,birthday,age,zip_code,address1,address2,address3,block_name,phone_number,email,employee_type,employee_type_code,Java,php,javascript,mysql,system_engeneer,python,android,design,entered_at,retirement_at,company_depart_entered_at,company_depart_retirement_at,created_at,updated_at,login_time,time_out_time,logout_time,deleted_at,memo,user_img,exist,email_flg) VALUES ('44','aq','00001','12012','桑原 颯大','1234',TRUE,'1','1970/02/16','51','018-1615','秋田県','南秋田郡八郎潟町','蒲沼','1-17-4','09048934267','yuuji73694@llyxj.jad.nob','0','012','5','5','1','0','0','0','0','0','2016/10/14',NULL,'2021/04/21','2022/03/20','2016/10/23',NULL,NULL,NULL,NULL,NULL,NULL,NULL,1,1);
INSERT INTO employee_users_data (employee_id,username,company_code,company_depart_code,employee_name,password,enabled,sex,birthday,age,zip_code,address1,address2,address3,block_name,phone_number,email,employee_type,employee_type_code,Java,php,javascript,mysql,system_engeneer,python,android,design,entered_at,retirement_at,company_depart_entered_at,company_depart_retirement_at,created_at,updated_at,login_time,time_out_time,logout_time,deleted_at,memo,user_img,exist,email_flg) VALUES ('45','ar','00001','12012','天王寺谷 勇','1234',TRUE,'1','1977/01/07','44','391-0116','長野県','諏訪郡原村','判の木','1-5-6 判の木シーサイド319','08054611304','yutaka_ono@fgyj.mvz','0','013','2','0','0','0','0','0','0','0','2021/07/01',NULL,'2021/02/07','2022/11/09','2021/07/08',NULL,NULL,NULL,NULL,NULL,NULL,NULL,1,1);
INSERT INTO employee_users_data (employee_id,username,company_code,company_depart_code,employee_name,password,enabled,sex,birthday,age,zip_code,address1,address2,address3,block_name,phone_number,email,employee_type,employee_type_code,Java,php,javascript,mysql,system_engeneer,python,android,design,entered_at,retirement_at,company_depart_entered_at,company_depart_retirement_at,created_at,updated_at,login_time,time_out_time,logout_time,deleted_at,memo,user_img,exist,email_flg) VALUES ('46','as','00002','00000','濱欠 裕二','1234',TRUE,'1','1997/11/07','23','515-1412','三重県','松阪市','飯南町向粥見','3-2-3 コンフォート飯南町向粥見305','09056091533','oshibata@wtztlwa.dt','1','001','1','5','2','2','2','3','0','0','2020/11/22',NULL,'2021/02/09','2022/04/07','2020/11/30',NULL,NULL,NULL,NULL,NULL,NULL,NULL,1,1);
INSERT INTO employee_users_data (employee_id,username,company_code,company_depart_code,employee_name,password,enabled,sex,birthday,age,zip_code,address1,address2,address3,block_name,phone_number,email,employee_type,employee_type_code,Java,php,javascript,mysql,system_engeneer,python,android,design,entered_at,retirement_at,company_depart_entered_at,company_depart_retirement_at,created_at,updated_at,login_time,time_out_time,logout_time,deleted_at,memo,user_img,exist,email_flg) VALUES ('47','at','00002','12012','逵 須伊記','1234',TRUE,'1','1974/12/13','46','030-1733','青森県','東津軽郡外ヶ浜町','三厩新町','2-18-12','09027006613','risa4718@lnyffyguc.nx','0','014','2','0','0','0','0','0','0','0','2019/08/13',NULL,'2021/02/08','2021/09/17','2019/08/22',NULL,NULL,NULL,NULL,NULL,NULL,NULL,1,1);
INSERT INTO employee_users_data (employee_id,username,company_code,company_depart_code,employee_name,password,enabled,sex,birthday,age,zip_code,address1,address2,address3,block_name,phone_number,email,employee_type,employee_type_code,Java,php,javascript,mysql,system_engeneer,python,android,design,entered_at,retirement_at,company_depart_entered_at,company_depart_retirement_at,created_at,updated_at,login_time,time_out_time,logout_time,deleted_at,memo,user_img,exist,email_flg) VALUES ('48','au','00003','23376','祖山 涼太','1234',TRUE,'1','1978/02/26','43','768-0062','香川県','観音寺市','有明町','17-20','08030378994','gkolcpvyuuichi7629@svxit.epq','0','015','3','0','0','0','0','0','0','0','2020/12/28',NULL,'2021/04/03','2021/09/28','2021/01/04',NULL,NULL,NULL,NULL,NULL,NULL,NULL,1,1);
INSERT INTO employee_users_data (employee_id,username,company_code,company_depart_code,employee_name,password,enabled,sex,birthday,age,zip_code,address1,address2,address3,block_name,phone_number,email,employee_type,employee_type_code,Java,php,javascript,mysql,system_engeneer,python,android,design,entered_at,retirement_at,company_depart_entered_at,company_depart_retirement_at,created_at,updated_at,login_time,time_out_time,logout_time,deleted_at,memo,user_img,exist,email_flg) VALUES ('49','av','00002','34515','山本 鮎夫','1234',TRUE,'1','1982/01/18','39','315-0022','茨城県','石岡市','行里川','6-9-35 行里川ハウス200','08067931514','risa151@jjymucn.eq','1','002','5','2','2','2','0','0','0','0','2016/07/01',NULL,'2021/03/07','2021/12/21','2016/07/08',NULL,NULL,NULL,NULL,NULL,NULL,NULL,1,1);
INSERT INTO employee_users_data (employee_id,username,company_code,company_depart_code,employee_name,password,enabled,sex,birthday,age,zip_code,address1,address2,address3,block_name,phone_number,email,employee_type,employee_type_code,Java,php,javascript,mysql,system_engeneer,python,android,design,entered_at,retirement_at,company_depart_entered_at,company_depart_retirement_at,created_at,updated_at,login_time,time_out_time,logout_time,deleted_at,memo,user_img,exist,email_flg) VALUES ('50','aw','00003','34515','鵜沢 聖樹','1234',TRUE,'1','1978/05/25','43','768-0012','香川県','観音寺市','植田町','2217','09020744053','Masahiro_Komori@amifseb.pn.za','0','011','1','0','0','0','0','0','0','0','2020/04/14',NULL,'2021/05/27','2022/06/05','2020/04/20',NULL,NULL,NULL,NULL,NULL,NULL,NULL,1,1);
INSERT INTO employee_users_data (employee_id,username,company_code,company_depart_code,employee_name,password,enabled,sex,birthday,age,zip_code,address1,address2,address3,block_name,phone_number,email,employee_type,employee_type_code,Java,php,javascript,mysql,system_engeneer,python,android,design,entered_at,retirement_at,company_depart_entered_at,company_depart_retirement_at,created_at,updated_at,login_time,time_out_time,logout_time,deleted_at,memo,user_img,exist,email_flg) VALUES ('51','ax','00004','00012','村上 蒼空','1234',TRUE,'1','1962/09/23','58','847-0026','佐賀県','唐津市','柏崎','4-13-7','09073935427','aogasawara@uhewuds.jj.ma','1','002','0','5','4','2','2','3','0','0','2018/12/18',NULL,'2021/03/06','2021/11/19','2018/12/22',NULL,NULL,NULL,NULL,NULL,NULL,NULL,1,1);
INSERT INTO employee_users_data (employee_id,username,company_code,company_depart_code,employee_name,password,enabled,sex,birthday,age,zip_code,address1,address2,address3,block_name,phone_number,email,employee_type,employee_type_code,Java,php,javascript,mysql,system_engeneer,python,android,design,entered_at,retirement_at,company_depart_entered_at,company_depart_retirement_at,created_at,updated_at,login_time,time_out_time,logout_time,deleted_at,memo,user_img,exist,email_flg) VALUES ('52','ay','00005','00001','松下 翔哉','1234',TRUE,'1','1969/12/27','51','441-1604','愛知県','新城市','名越','21-4-20 名越スカイ400','09061558989','yoshiko018@yupzy.oe','0','016','1','0','0','0','0','0','0','0','2020/10/23',NULL,'2021/05/27','2022/12/02','2020/10/26',NULL,NULL,NULL,NULL,NULL,NULL,NULL,1,1);
INSERT INTO employee_users_data (employee_id,username,company_code,company_depart_code,employee_name,password,enabled,sex,birthday,age,zip_code,address1,address2,address3,block_name,phone_number,email,employee_type,employee_type_code,Java,php,javascript,mysql,system_engeneer,python,android,design,entered_at,retirement_at,company_depart_entered_at,company_depart_retirement_at,created_at,updated_at,login_time,time_out_time,logout_time,deleted_at,memo,user_img,exist,email_flg) VALUES ('53','az','00001','34401','良野 テオドロス 悟兵衛','1234',TRUE,'1','1990/10/18','30','656-0161','兵庫県','南あわじ市','倭文土井','4-20-17 メゾン倭文土井107','08015187243','mao55476@auspbi.jgu','0','015','2','0','0','0','0','0','0','0','2020/11/11',NULL,'2021/07/17','2022/12/23','2020/11/19',NULL,NULL,NULL,NULL,NULL,NULL,NULL,1,1);
INSERT INTO employee_users_data (employee_id,username,company_code,company_depart_code,employee_name,password,enabled,sex,birthday,age,zip_code,address1,address2,address3,block_name,phone_number,email,employee_type,employee_type_code,Java,php,javascript,mysql,system_engeneer,python,android,design,entered_at,retirement_at,company_depart_entered_at,company_depart_retirement_at,created_at,updated_at,login_time,time_out_time,logout_time,deleted_at,memo,user_img,exist,email_flg) VALUES ('54','ba','00003','34401','大曾根 幹太','1234',TRUE,'1','1974/09/21','46','988-0354','宮城県','気仙沼市','本吉町鹿の子','3-14-1 テラス本吉町鹿の子311','08035534970','risa_kan@qjfinghsr.svc','0','014','1','0','0','0','0','0','0','0','2016/11/05',NULL,'2021/07/01','2021/08/26','2016/11/09',NULL,NULL,NULL,NULL,NULL,NULL,NULL,1,1);
INSERT INTO employee_users_data (employee_id,username,company_code,company_depart_code,employee_name,password,enabled,sex,birthday,age,zip_code,address1,address2,address3,block_name,phone_number,email,employee_type,employee_type_code,Java,php,javascript,mysql,system_engeneer,python,android,design,entered_at,retirement_at,company_depart_entered_at,company_depart_retirement_at,created_at,updated_at,login_time,time_out_time,logout_time,deleted_at,memo,user_img,exist,email_flg) VALUES ('55','bb','00002','01965','寿明 正','1234',TRUE,'1','1970/05/28','51','929-1602','石川県','鹿島郡中能登町','能登部上','14-3','08080093219','naho13509@xrulpw.pm','0','013','3','0','0','0','0','0','0','0','2021/02/17',NULL,'2021/02/14','2021/10/27','2021/02/22',NULL,NULL,NULL,NULL,NULL,NULL,NULL,1,1);
INSERT INTO employee_users_data (employee_id,username,company_code,company_depart_code,employee_name,password,enabled,sex,birthday,age,zip_code,address1,address2,address3,block_name,phone_number,email,employee_type,employee_type_code,Java,php,javascript,mysql,system_engeneer,python,android,design,entered_at,retirement_at,company_depart_entered_at,company_depart_retirement_at,created_at,updated_at,login_time,time_out_time,logout_time,deleted_at,memo,user_img,exist,email_flg) VALUES ('56','bc','00005','00000','三佐々川 哲','1234',TRUE,'1','1972/03/18','49','500-8083','岐阜県','岐阜市','間之町','284','08049119602','masashi_taniguchi@xzsr.zzbj.ffl','1','003','5','0','4','2','2','0','0','0','2021/07/05',NULL,'2021/06/13','2021/09/14','2021/07/13',NULL,NULL,NULL,NULL,NULL,NULL,NULL,1,1);
INSERT INTO employee_users_data (employee_id,username,company_code,company_depart_code,employee_name,password,enabled,sex,birthday,age,zip_code,address1,address2,address3,block_name,phone_number,email,employee_type,employee_type_code,Java,php,javascript,mysql,system_engeneer,python,android,design,entered_at,retirement_at,company_depart_entered_at,company_depart_retirement_at,created_at,updated_at,login_time,time_out_time,logout_time,deleted_at,memo,user_img,exist,email_flg) VALUES ('57','bd','00006','00000','今野 健樹','1234',TRUE,'1','1999/12/15','21','099-0624','北海道','紋別郡遠軽町','生田原豊原','21-1-17 生田原豊原アパート114','09050680591','Akiko_Ishizaki@vffikyh.qd','1','001','0','5','4','0','0','0','4','3','2017/06/26',NULL,'2021/04/20','2021/08/05','2017/07/04',NULL,NULL,NULL,NULL,NULL,NULL,NULL,1,1);
INSERT INTO employee_users_data (employee_id,username,company_code,company_depart_code,employee_name,password,enabled,sex,birthday,age,zip_code,address1,address2,address3,block_name,phone_number,email,employee_type,employee_type_code,Java,php,javascript,mysql,system_engeneer,python,android,design,entered_at,retirement_at,company_depart_entered_at,company_depart_retirement_at,created_at,updated_at,login_time,time_out_time,logout_time,deleted_at,memo,user_img,exist,email_flg) VALUES ('58','be','00001','00000','内大久保 肇','1234',TRUE,'1','1985/10/19','35','809-0012','福岡県','中間市','下蓮花寺','1-19-13','09078264564','kunio4550@ivny.md.ri','0','011','1','0','0','0','0','0','0','0','2016/04/19',NULL,'2021/06/04','2022/02/26','2016/04/22',NULL,NULL,NULL,NULL,NULL,NULL,NULL,1,1);
INSERT INTO employee_users_data (employee_id,username,company_code,company_depart_code,employee_name,password,enabled,sex,birthday,age,zip_code,address1,address2,address3,block_name,phone_number,email,employee_type,employee_type_code,Java,php,javascript,mysql,system_engeneer,python,android,design,entered_at,retirement_at,company_depart_entered_at,company_depart_retirement_at,created_at,updated_at,login_time,time_out_time,logout_time,deleted_at,memo,user_img,exist,email_flg) VALUES ('59','bf','00001','00112','曽我部 響','1234',TRUE,'1','1967/04/23','54','742-2518','山口県','大島郡周防大島町','和佐','13-11-12 和佐ハイツ303','09036472669','yoshiyuki69210@jwfsxibti.lc','0','011','0','3','0','0','0','0','0','0','2019/10/30',NULL,'2021/05/26','2022/06/05','2019/11/06',NULL,NULL,NULL,NULL,NULL,NULL,NULL,1,1);
INSERT INTO employee_users_data (employee_id,username,company_code,company_depart_code,employee_name,password,enabled,sex,birthday,age,zip_code,address1,address2,address3,block_name,phone_number,email,employee_type,employee_type_code,Java,php,javascript,mysql,system_engeneer,python,android,design,entered_at,retirement_at,company_depart_entered_at,company_depart_retirement_at,created_at,updated_at,login_time,time_out_time,logout_time,deleted_at,memo,user_img,exist,email_flg) VALUES ('60','bg','00002','00112','倉冨 英徒','1234',TRUE,'1','1993/01/13','28','590-0925','大阪府','堺市堺区','綾之町東','259-1','08017425000','Shigeo_Hasebe@usnglbp.sz','1','001','5','0','4','3','0','0','0','0','2018/01/30',NULL,'2021/02/22','2021/10/12','2018/02/08',NULL,NULL,NULL,NULL,NULL,NULL,NULL,1,1);
INSERT INTO employee_users_data (employee_id,username,company_code,company_depart_code,employee_name,password,enabled,sex,birthday,age,zip_code,address1,address2,address3,block_name,phone_number,email,employee_type,employee_type_code,Java,php,javascript,mysql,system_engeneer,python,android,design,entered_at,retirement_at,company_depart_entered_at,company_depart_retirement_at,created_at,updated_at,login_time,time_out_time,logout_time,deleted_at,memo,user_img,exist,email_flg) VALUES ('61','bh','00002','22376','村上 彩太郎','1234',TRUE,'1','1968/08/30','52','819-0046','福岡県','福岡市西区','西の丘','1-19-2','09014606893','utamura@iskduxag.xyl','0','015','1','0','0','0','0','0','0','0','2020/01/22',NULL,'2021/03/29','2022/06/21','2020/01/31',NULL,NULL,NULL,NULL,NULL,NULL,NULL,1,1);
INSERT INTO employee_users_data (employee_id,username,company_code,company_depart_code,employee_name,password,enabled,sex,birthday,age,zip_code,address1,address2,address3,block_name,phone_number,email,employee_type,employee_type_code,Java,php,javascript,mysql,system_engeneer,python,android,design,entered_at,retirement_at,company_depart_entered_at,company_depart_retirement_at,created_at,updated_at,login_time,time_out_time,logout_time,deleted_at,memo,user_img,exist,email_flg) VALUES ('62','bi','00003','22376','薗 絢','1234',TRUE,'1','2000/03/05','21','699-0741','島根県','出雲市','大社町中荒木','2-14-20 大社町中荒木ダイヤモンド210','09066349830','yuuta_ukai@kvzjhcdg.hs.zp','0','011','2','0','0','0','0','0','0','0','2018/09/14',NULL,'2021/04/04','2022/08/11','2018/09/17',NULL,NULL,NULL,NULL,NULL,NULL,NULL,1,1);
INSERT INTO employee_users_data (employee_id,username,company_code,company_depart_code,employee_name,password,enabled,sex,birthday,age,zip_code,address1,address2,address3,block_name,phone_number,email,employee_type,employee_type_code,Java,php,javascript,mysql,system_engeneer,python,android,design,entered_at,retirement_at,company_depart_entered_at,company_depart_retirement_at,created_at,updated_at,login_time,time_out_time,logout_time,deleted_at,memo,user_img,exist,email_flg) VALUES ('63','bj','00002','45545','開發 扉','1234',TRUE,'1','1985/05/22','36','181-0014','東京都','三鷹市','野崎','53-2-8','09063631123','masashihirano@xkcphcjaof.ij.qo','1','002','5','0','3','2','1','0','3','0','2019/08/30',NULL,'2021/07/14','2022/09/21','2019/09/02',NULL,NULL,NULL,NULL,NULL,NULL,NULL,1,1);
INSERT INTO employee_users_data (employee_id,username,company_code,company_depart_code,employee_name,password,enabled,sex,birthday,age,zip_code,address1,address2,address3,block_name,phone_number,email,employee_type,employee_type_code,Java,php,javascript,mysql,system_engeneer,python,android,design,entered_at,retirement_at,company_depart_entered_at,company_depart_retirement_at,created_at,updated_at,login_time,time_out_time,logout_time,deleted_at,memo,user_img,exist,email_flg) VALUES ('64','bk','00003','45545','一本木 有季星','1234',TRUE,'1','1964/05/16','57','933-0934','富山県','高岡市','博労町','14-3','08028983490','fxcxgzdteduzekeiichi2347@ktecgef.eg','0','011','4','0','0','0','0','0','0','0','2016/05/06',NULL,'2021/02/05','2022/12/07','2016/05/11',NULL,NULL,NULL,NULL,NULL,NULL,NULL,1,1);
INSERT INTO employee_users_data (employee_id,username,company_code,company_depart_code,employee_name,password,enabled,sex,birthday,age,zip_code,address1,address2,address3,block_name,phone_number,email,employee_type,employee_type_code,Java,php,javascript,mysql,system_engeneer,python,android,design,entered_at,retirement_at,company_depart_entered_at,company_depart_retirement_at,created_at,updated_at,login_time,time_out_time,logout_time,deleted_at,memo,user_img,exist,email_flg) VALUES ('65','bl','00004','12012','井上 敏郁','1234',TRUE,'1','1996/04/27','25','779-0115','徳島県','板野郡板野町','矢武','761','09013008408','kazue_kawanishi@tblqyf.ep','1','001','3','5','1','0','0','0','2','0','2021/04/16',NULL,'2021/05/18','2022/05/12','2021/04/20',NULL,NULL,NULL,NULL,NULL,NULL,NULL,1,1);
INSERT INTO employee_users_data (employee_id,username,company_code,company_depart_code,employee_name,password,enabled,sex,birthday,age,zip_code,address1,address2,address3,block_name,phone_number,email,employee_type,employee_type_code,Java,php,javascript,mysql,system_engeneer,python,android,design,entered_at,retirement_at,company_depart_entered_at,company_depart_retirement_at,created_at,updated_at,login_time,time_out_time,logout_time,deleted_at,memo,user_img,exist,email_flg) VALUES ('66','bm','00005','12012','下市口 彬主魅','1234',TRUE,'1','1993/04/22','28','763-0031','香川県','丸亀市','城南町','143','08077223828','t-ofevwnlsxyuzuki7207@qygeyv.sbt','0','016','3','0','0','0','0','0','0','0','2017/07/30',NULL,'2021/04/02','2022/10/03','2017/08/03',NULL,NULL,NULL,NULL,NULL,NULL,NULL,1,1);
INSERT INTO employee_users_data (employee_id,username,company_code,company_depart_code,employee_name,password,enabled,sex,birthday,age,zip_code,address1,address2,address3,block_name,phone_number,email,employee_type,employee_type_code,Java,php,javascript,mysql,system_engeneer,python,android,design,entered_at,retirement_at,company_depart_entered_at,company_depart_retirement_at,created_at,updated_at,login_time,time_out_time,logout_time,deleted_at,memo,user_img,exist,email_flg) VALUES ('67','bn','00001','00000','土井 将次','1234',TRUE,'1','1980/06/10','41','390-0846','長野県','松本市','南原','11-1-20 南原ガーデン301','08098888005','nlkakbyjfcnmasatoshi657@xbyzjjhk.jhs','0','011','3','0','0','0','0','0','0','0','2021/01/26',NULL,'2021/04/17','2021/12/01','2021/02/03',NULL,NULL,NULL,NULL,NULL,NULL,NULL,1,1);
INSERT INTO employee_users_data (employee_id,username,company_code,company_depart_code,employee_name,password,enabled,sex,birthday,age,zip_code,address1,address2,address3,block_name,phone_number,email,employee_type,employee_type_code,Java,php,javascript,mysql,system_engeneer,python,android,design,entered_at,retirement_at,company_depart_entered_at,company_depart_retirement_at,created_at,updated_at,login_time,time_out_time,logout_time,deleted_at,memo,user_img,exist,email_flg) VALUES ('68','bo','00003','00000','内田 笑生','1234',TRUE,'2','1971/07/17','50','645-0203','和歌山県','日高郡みなべ町','島之瀬','326','09012850667','shouji178@pqkyvja.cq','0','014','4','0','0','0','0','0','0','0','2017/10/12',NULL,'2021/06/07','2022/02/18','2017/10/18',NULL,NULL,NULL,NULL,NULL,NULL,NULL,1,1);
INSERT INTO employee_users_data (employee_id,username,company_code,company_depart_code,employee_name,password,enabled,sex,birthday,age,zip_code,address1,address2,address3,block_name,phone_number,email,employee_type,employee_type_code,Java,php,javascript,mysql,system_engeneer,python,android,design,entered_at,retirement_at,company_depart_entered_at,company_depart_retirement_at,created_at,updated_at,login_time,time_out_time,logout_time,deleted_at,memo,user_img,exist,email_flg) VALUES ('69','bp','00002','00000','告 笑叶','1234',TRUE,'2','1985/06/22','36','882-0826','宮崎県','延岡市','船倉町','3-04-16 船倉町荘409','09054034060','Shoujirou_Ogino@kijxqqxarq.oo','0','011','1','0','0','0','0','0','0','0','2017/09/21',NULL,'2021/05/17','2021/12/04','2017/09/30',NULL,NULL,NULL,NULL,NULL,NULL,NULL,1,1);
INSERT INTO employee_users_data (employee_id,username,company_code,company_depart_code,employee_name,password,enabled,sex,birthday,age,zip_code,address1,address2,address3,block_name,phone_number,email,employee_type,employee_type_code,Java,php,javascript,mysql,system_engeneer,python,android,design,entered_at,retirement_at,company_depart_entered_at,company_depart_retirement_at,created_at,updated_at,login_time,time_out_time,logout_time,deleted_at,memo,user_img,exist,email_flg) VALUES ('70','bq','00005','00000','数代 律子','1234',TRUE,'2','1968/10/09','52','930-0137','富山県','富山市','呉羽本町','1-14-16','09013697394','ai075@juvr.zywxe.lv','1','004','5','5','4','0','0','0','0','0','2021/07/05','2021/04/01','2021/06/28','2022/10/09','2021/07/11',NULL,NULL,NULL,NULL,NULL,NULL,NULL,1,1);
INSERT INTO employee_users_data (employee_id,username,company_code,company_depart_code,employee_name,password,enabled,sex,birthday,age,zip_code,address1,address2,address3,block_name,phone_number,email,employee_type,employee_type_code,Java,php,javascript,mysql,system_engeneer,python,android,design,entered_at,retirement_at,company_depart_entered_at,company_depart_retirement_at,created_at,updated_at,login_time,time_out_time,logout_time,deleted_at,memo,user_img,exist,email_flg) VALUES ('71','br','00006','00112','長尾 キヨ','1234',TRUE,'2','1989/03/07','32','997-0822','山形県','鶴岡市','双葉町','17-2-9 レジデンス双葉町107','09057299755','yuna5093@tcaoss.lrw','1','003','0','5','4','2','2','3','0','1','2019/03/07',NULL,'2021/05/11','2021/12/07','2019/03/11',NULL,NULL,NULL,NULL,NULL,NULL,NULL,1,1);
INSERT INTO employee_users_data (employee_id,username,company_code,company_depart_code,employee_name,password,enabled,sex,birthday,age,zip_code,address1,address2,address3,block_name,phone_number,email,employee_type,employee_type_code,Java,php,javascript,mysql,system_engeneer,python,android,design,entered_at,retirement_at,company_depart_entered_at,company_depart_retirement_at,created_at,updated_at,login_time,time_out_time,logout_time,deleted_at,memo,user_img,exist,email_flg) VALUES ('72','bs','00001','00112','中得 未乃','1234',TRUE,'2','1977/07/30','43','509-7711','岐阜県','恵那市','明智町東方','17-2-20 明智町東方グリーン317','09020501195','ayano_nojima@mtchsiniu.hd.ppy','0','011','2','0','0','0','0','0','0','0','2017/08/28',NULL,'2021/03/28','2022/11/24','2017/09/06',NULL,NULL,NULL,NULL,NULL,NULL,NULL,1,1);
INSERT INTO employee_users_data (employee_id,username,company_code,company_depart_code,employee_name,password,enabled,sex,birthday,age,zip_code,address1,address2,address3,block_name,phone_number,email,employee_type,employee_type_code,Java,php,javascript,mysql,system_engeneer,python,android,design,entered_at,retirement_at,company_depart_entered_at,company_depart_retirement_at,created_at,updated_at,login_time,time_out_time,logout_time,deleted_at,memo,user_img,exist,email_flg) VALUES ('73','bt','00001','22376','登佐 沙也果','1234',TRUE,'2','1971/02/23','50','778-0104','徳島県','三好市','西祖谷山村上吾橋','1-13-18','09022604660','eiko_okajima@uwmkstrhbk.xm.hrb','0','015','3','0','0','0','0','0','0','0','2017/05/26',NULL,'2021/05/15','2022/11/23','2017/06/01',NULL,NULL,NULL,NULL,NULL,NULL,NULL,1,1);
INSERT INTO employee_users_data (employee_id,username,company_code,company_depart_code,employee_name,password,enabled,sex,birthday,age,zip_code,address1,address2,address3,block_name,phone_number,email,employee_type,employee_type_code,Java,php,javascript,mysql,system_engeneer,python,android,design,entered_at,retirement_at,company_depart_entered_at,company_depart_retirement_at,created_at,updated_at,login_time,time_out_time,logout_time,deleted_at,memo,user_img,exist,email_flg) VALUES ('74','bu','00002','22376','大沢 智子','1234',TRUE,'2','1965/01/01','56','601-0775','京都府','南丹市','美山町小渕','19-6-03 美山町小渕キャッスル215','09075989223','Mizuki_Kawaguchi@tdqzrpga.uw','1','002','5','0','2','0','2','0','0','0','2019/05/17',NULL,'2021/05/19','2022/04/19','2019/05/23',NULL,NULL,NULL,NULL,NULL,NULL,NULL,1,1);
INSERT INTO employee_users_data (employee_id,username,company_code,company_depart_code,employee_name,password,enabled,sex,birthday,age,zip_code,address1,address2,address3,block_name,phone_number,email,employee_type,employee_type_code,Java,php,javascript,mysql,system_engeneer,python,android,design,entered_at,retirement_at,company_depart_entered_at,company_depart_retirement_at,created_at,updated_at,login_time,time_out_time,logout_time,deleted_at,memo,user_img,exist,email_flg) VALUES ('75','bv','00002','45545','舘 永天','1234',TRUE,'2','1980/12/26','40','898-0084','鹿児島県','枕崎市','板敷西町','742','08088727544','ryouzou_kubota@lqba.wq','0','011','1','0','0','0','0','0','0','0','2016/07/21',NULL,'2021/02/13','2022/04/16','2016/07/24',NULL,NULL,NULL,NULL,NULL,NULL,NULL,1,1);
INSERT INTO employee_users_data (employee_id,username,company_code,company_depart_code,employee_name,password,enabled,sex,birthday,age,zip_code,address1,address2,address3,block_name,phone_number,email,employee_type,employee_type_code,Java,php,javascript,mysql,system_engeneer,python,android,design,entered_at,retirement_at,company_depart_entered_at,company_depart_retirement_at,created_at,updated_at,login_time,time_out_time,logout_time,deleted_at,memo,user_img,exist,email_flg) VALUES ('76','bw','00003','45545','安澤 佳子','1234',TRUE,'2','1986/06/13','35','036-8084','青森県','弘前市','高田','316','08038308582','junko52003@lkpbnv.ev','0','011','1','0','0','0','0','0','0','0','2020/11/29',NULL,'2021/06/24','2022/03/24','2020/12/05',NULL,NULL,NULL,NULL,NULL,NULL,NULL,1,1);
INSERT INTO employee_users_data (employee_id,username,company_code,company_depart_code,employee_name,password,enabled,sex,birthday,age,zip_code,address1,address2,address3,block_name,phone_number,email,employee_type,employee_type_code,Java,php,javascript,mysql,system_engeneer,python,android,design,entered_at,retirement_at,company_depart_entered_at,company_depart_retirement_at,created_at,updated_at,login_time,time_out_time,logout_time,deleted_at,memo,user_img,exist,email_flg) VALUES ('77','bx','00002','12012','森本 野奈深','1234',TRUE,'2','1996/05/07','25','288-0043','千葉県','銚子市','東芝町','4-19-16 東芝町荘408','09085086402','imanabe@vrvdqizu.yf','1','001','4','0','0','0','0','0','0','0','2019/10/21',NULL,'2021/07/13','2021/09/20','2019/10/31',NULL,NULL,NULL,NULL,NULL,NULL,NULL,1,1);
INSERT INTO employee_users_data (employee_id,username,company_code,company_depart_code,employee_name,password,enabled,sex,birthday,age,zip_code,address1,address2,address3,block_name,phone_number,email,employee_type,employee_type_code,Java,php,javascript,mysql,system_engeneer,python,android,design,entered_at,retirement_at,company_depart_entered_at,company_depart_retirement_at,created_at,updated_at,login_time,time_out_time,logout_time,deleted_at,memo,user_img,exist,email_flg) VALUES ('78','by','00003','12012','浅月 友都伎','1234',TRUE,'2','1997/06/13','24','999-3757','山形県','東根市','若木小路','2-7-3 メゾン若木小路312','08051451265','Sawa_Hirokawa@arvrbx.nsuba.jb','0','014','3','0','0','0','0','0','0','0','2017/05/17',NULL,'2021/07/03','2022/01/31','2017/05/27',NULL,NULL,NULL,NULL,NULL,NULL,NULL,1,1);
INSERT INTO employee_users_data (employee_id,username,company_code,company_depart_code,employee_name,password,enabled,sex,birthday,age,zip_code,address1,address2,address3,block_name,phone_number,email,employee_type,employee_type_code,Java,php,javascript,mysql,system_engeneer,python,android,design,entered_at,retirement_at,company_depart_entered_at,company_depart_retirement_at,created_at,updated_at,login_time,time_out_time,logout_time,deleted_at,memo,user_img,exist,email_flg) VALUES ('79','bz','00004','00000','飯島 優','1234',TRUE,'2','1991/12/30','29','370-3572','群馬県','前橋市','上青梨子町','329-8','08028999301','ihoshino@aqipkynl.oz.yq','1','001','2','5','3','2','2','0','0','3','2020/11/07',NULL,'2021/03/07','2022/05/26','2020/11/13',NULL,NULL,NULL,NULL,NULL,NULL,NULL,1,1);
INSERT INTO employee_users_data (employee_id,username,company_code,company_depart_code,employee_name,password,enabled,sex,birthday,age,zip_code,address1,address2,address3,block_name,phone_number,email,employee_type,employee_type_code,Java,php,javascript,mysql,system_engeneer,python,android,design,entered_at,retirement_at,company_depart_entered_at,company_depart_retirement_at,created_at,updated_at,login_time,time_out_time,logout_time,deleted_at,memo,user_img,exist,email_flg) VALUES ('80','ca','00005','12012','杉本 紗路','1234',TRUE,'2','1983/11/26','37','509-2506','岐阜県','下呂市','萩原町羽根','421','08052496553','hisanori00330@oxehv.juxqx.ows','0','013','5','2','2','2','2','0','1','0','2020/12/05',NULL,'2021/04/11','2022/05/24','2020/12/09',NULL,NULL,NULL,NULL,NULL,NULL,NULL,1,1);
INSERT INTO employee_users_data (employee_id,username,company_code,company_depart_code,employee_name,password,enabled,sex,birthday,age,zip_code,address1,address2,address3,block_name,phone_number,email,employee_type,employee_type_code,Java,php,javascript,mysql,system_engeneer,python,android,design,entered_at,retirement_at,company_depart_entered_at,company_depart_retirement_at,created_at,updated_at,login_time,time_out_time,logout_time,deleted_at,memo,user_img,exist,email_flg) VALUES ('81','cb','00001','23376','臺場 篤子','1234',TRUE,'2','1967/09/21','53','210-0847','神奈川県','川崎市川崎区','浅田','2-16-18 浅田タワー413','08064835165','omitsui@hqxtkf.vb','0','012','4','0','0','0','0','0','0','0','2021/03/29',NULL,'2021/02/01','2021/11/03','2021/04/04',NULL,NULL,NULL,NULL,NULL,NULL,NULL,1,1);
INSERT INTO employee_users_data (employee_id,username,company_code,company_depart_code,employee_name,password,enabled,sex,birthday,age,zip_code,address1,address2,address3,block_name,phone_number,email,employee_type,employee_type_code,Java,php,javascript,mysql,system_engeneer,python,android,design,entered_at,retirement_at,company_depart_entered_at,company_depart_retirement_at,created_at,updated_at,login_time,time_out_time,logout_time,deleted_at,memo,user_img,exist,email_flg) VALUES ('82','cc','00003','00113','川縁 陽葵','1234',TRUE,'2','1994/10/30','26','703-8223','岡山県','岡山市中区','長利','31-24','09085943298','koharuyasuhara@nerfipa.zx','0','011','0','1','0','0','0','0','0','0','2020/10/30',NULL,'2021/03/01','2022/09/01','2020/11/02',NULL,NULL,NULL,NULL,NULL,NULL,NULL,1,1);
INSERT INTO employee_users_data (employee_id,username,company_code,company_depart_code,employee_name,password,enabled,sex,birthday,age,zip_code,address1,address2,address3,block_name,phone_number,email,employee_type,employee_type_code,Java,php,javascript,mysql,system_engeneer,python,android,design,entered_at,retirement_at,company_depart_entered_at,company_depart_retirement_at,created_at,updated_at,login_time,time_out_time,logout_time,deleted_at,memo,user_img,exist,email_flg) VALUES ('83','cd','00002','00113','賀本 躍','1234',TRUE,'2','1984/05/15','37','259-0151','神奈川県','足柄上郡中井町','井ノ口','2-8-14 リバーサイド井ノ口301','09012832232','wakaba566@wxgfhyku.xh','0','011','2','0','0','0','0','0','0','0','2020/06/26',NULL,'2021/03/20','2021/08/04','2020/06/30',NULL,NULL,NULL,NULL,NULL,NULL,NULL,1,1);
INSERT INTO employee_users_data (employee_id,username,company_code,company_depart_code,employee_name,password,enabled,sex,birthday,age,zip_code,address1,address2,address3,block_name,phone_number,email,employee_type,employee_type_code,Java,php,javascript,mysql,system_engeneer,python,android,design,entered_at,retirement_at,company_depart_entered_at,company_depart_retirement_at,created_at,updated_at,login_time,time_out_time,logout_time,deleted_at,memo,user_img,exist,email_flg) VALUES ('84','ce','00005','00120','飯島 琳檎','1234',TRUE,'2','1975/03/24','46','014-0357','秋田県','仙北市','角館町花場下','21-4-11 角館町花場下スカイ315','09033628898','sexeqahqmvkejyynatsuki195@bhrqollzro.ljkwp.bw','1','004','5','5','4','2','2','4','4','3','2019/04/07',NULL,'2021/04/24','2022/03/10','2019/04/15',NULL,NULL,NULL,NULL,NULL,NULL,NULL,1,1);
INSERT INTO employee_users_data (employee_id,username,company_code,company_depart_code,employee_name,password,enabled,sex,birthday,age,zip_code,address1,address2,address3,block_name,phone_number,email,employee_type,employee_type_code,Java,php,javascript,mysql,system_engeneer,python,android,design,entered_at,retirement_at,company_depart_entered_at,company_depart_retirement_at,created_at,updated_at,login_time,time_out_time,logout_time,deleted_at,memo,user_img,exist,email_flg) VALUES ('85','cf','00006','00004','簑毛 艶亜','1234',TRUE,'2','1976/11/08','44','762-0086','香川県','丸亀市','飯山町真時','317','09075857355','asawai@opnwhw.ym','1','003','3','5','2','1','2','0','0','0','2017/07/06','2020/12/16','2021/02/15','2022/05/16','2017/07/12',NULL,NULL,NULL,NULL,NULL,NULL,NULL,1,1);
INSERT INTO employee_users_data (employee_id,username,company_code,company_depart_code,employee_name,password,enabled,sex,birthday,age,zip_code,address1,address2,address3,block_name,phone_number,email,employee_type,employee_type_code,Java,php,javascript,mysql,system_engeneer,python,android,design,entered_at,retirement_at,company_depart_entered_at,company_depart_retirement_at,created_at,updated_at,login_time,time_out_time,logout_time,deleted_at,memo,user_img,exist,email_flg) VALUES ('86','cg','00001','00004','諏合 響','1234',TRUE,'2','1969/08/23','51','036-0221','青森県','平川市','中佐渡前田','316-2','08099023457','yuuki7997@gsnnfrxb.vbf.uwl','0','015','4','0','0','0','0','0','0','0','2017/02/20',NULL,'2021/05/21','2022/08/01','2017/02/25',NULL,NULL,NULL,NULL,NULL,NULL,NULL,1,1);
INSERT INTO employee_users_data (employee_id,username,company_code,company_depart_code,employee_name,password,enabled,sex,birthday,age,zip_code,address1,address2,address3,block_name,phone_number,email,employee_type,employee_type_code,Java,php,javascript,mysql,system_engeneer,python,android,design,entered_at,retirement_at,company_depart_entered_at,company_depart_retirement_at,created_at,updated_at,login_time,time_out_time,logout_time,deleted_at,memo,user_img,exist,email_flg) VALUES ('87','ch','00001','00005','囲 柚裕','1234',TRUE,'2','1970/03/06','51','811-2115','福岡県','糟屋郡須惠町','佐谷','79-82-14','09076880995','shouko_ogino@gtwi.bk','0','014','0','3','0','0','0','0','0','0','2017/06/30',NULL,'2021/04/28','2022/02/15','2017/07/09',NULL,NULL,NULL,NULL,NULL,NULL,NULL,1,1);
INSERT INTO employee_users_data (employee_id,username,company_code,company_depart_code,employee_name,password,enabled,sex,birthday,age,zip_code,address1,address2,address3,block_name,phone_number,email,employee_type,employee_type_code,Java,php,javascript,mysql,system_engeneer,python,android,design,entered_at,retirement_at,company_depart_entered_at,company_depart_retirement_at,created_at,updated_at,login_time,time_out_time,logout_time,deleted_at,memo,user_img,exist,email_flg) VALUES ('88','ci','00002','11220','北郷 彩架','1234',TRUE,'2','1993/01/24','28','646-1334','和歌山県','田辺市','九川','4-13-1','08038516670','anakane@mbwcqfrta.eni','1','002','3','5','0','0','0','0','0','0','2018/05/28',NULL,'2021/05/29','2022/03/04','2018/06/07',NULL,NULL,NULL,NULL,NULL,NULL,NULL,1,1);
INSERT INTO employee_users_data (employee_id,username,company_code,company_depart_code,employee_name,password,enabled,sex,birthday,age,zip_code,address1,address2,address3,block_name,phone_number,email,employee_type,employee_type_code,Java,php,javascript,mysql,system_engeneer,python,android,design,entered_at,retirement_at,company_depart_entered_at,company_depart_retirement_at,created_at,updated_at,login_time,time_out_time,logout_time,deleted_at,memo,user_img,exist,email_flg) VALUES ('89','cj','00002','45645','河津 桃羽','1234',TRUE,'2','2000/09/01','20','680-0534','鳥取県','八頭郡八頭町','鍛冶屋','316','08028806086','kbptqxkztxxlkasumi039@xmkucxliv.rm','0','016','4','0','0','0','0','0','0','0','2021/06/18',NULL,'2021/05/29','2021/10/20','2021/06/25',NULL,NULL,NULL,NULL,NULL,NULL,NULL,1,1);
INSERT INTO employee_users_data (employee_id,username,company_code,company_depart_code,employee_name,password,enabled,sex,birthday,age,zip_code,address1,address2,address3,block_name,phone_number,email,employee_type,employee_type_code,Java,php,javascript,mysql,system_engeneer,python,android,design,entered_at,retirement_at,company_depart_entered_at,company_depart_retirement_at,created_at,updated_at,login_time,time_out_time,logout_time,deleted_at,memo,user_img,exist,email_flg) VALUES ('90','ck','00003','00000','糸魚沢 おりひめ','1234',TRUE,'2','1990/08/21','30','028-6824','岩手県','二戸市','浄法寺町西ノ沢','216','09062541270','Mio_Nagayama@enrlvbok.he','0','012','0','4','0','0','0','0','0','0','2020/10/08',NULL,'2021/07/09','2022/05/18','2020/10/15',NULL,NULL,NULL,NULL,NULL,NULL,NULL,1,1);
INSERT INTO employee_users_data (employee_id,username,company_code,company_depart_code,employee_name,password,enabled,sex,birthday,age,zip_code,address1,address2,address3,block_name,phone_number,email,employee_type,employee_type_code,Java,php,javascript,mysql,system_engeneer,python,android,design,entered_at,retirement_at,company_depart_entered_at,company_depart_retirement_at,created_at,updated_at,login_time,time_out_time,logout_time,deleted_at,memo,user_img,exist,email_flg) VALUES ('91','cl','00002','00000','匂阪 沙弥香','1234',TRUE,'2','1963/12/21','57','321-2805','栃木県','日光市','独鈷沢','17-4-6 独鈷沢キャッスル108','09054230983','tomomi964@gzffa.cgv','1','002','2','5','2','2','2','0','0','0','2021/03/20',NULL,'2021/07/04','2022/06/23','2021/03/23',NULL,NULL,NULL,NULL,NULL,NULL,NULL,1,1);
INSERT INTO employee_users_data (employee_id,username,company_code,company_depart_code,employee_name,password,enabled,sex,birthday,age,zip_code,address1,address2,address3,block_name,phone_number,email,employee_type,employee_type_code,Java,php,javascript,mysql,system_engeneer,python,android,design,entered_at,retirement_at,company_depart_entered_at,company_depart_retirement_at,created_at,updated_at,login_time,time_out_time,logout_time,deleted_at,memo,user_img,exist,email_flg) VALUES ('92','cm','00003','00000','辰本 憂乃','1234',TRUE,'2','1971/10/18','49','639-2343','奈良県','御所市','鴨神','5-2-4 鴨神の杜210','08079598738','Takehiko_Fujishima@enrifzrvpu.eo','0','011','0','3','0','0','0','0','0','0','2021/01/23',NULL,'2021/03/21','2022/10/22','2021/01/30',NULL,NULL,NULL,NULL,NULL,NULL,NULL,1,1);
INSERT INTO employee_users_data (employee_id,username,company_code,company_depart_code,employee_name,password,enabled,sex,birthday,age,zip_code,address1,address2,address3,block_name,phone_number,email,employee_type,employee_type_code,Java,php,javascript,mysql,system_engeneer,python,android,design,entered_at,retirement_at,company_depart_entered_at,company_depart_retirement_at,created_at,updated_at,login_time,time_out_time,logout_time,deleted_at,memo,user_img,exist,email_flg) VALUES ('93','cn','00004','00112','郡中 焔','1234',TRUE,'2','1987/04/04','34','239-0807','神奈川県','横須賀市','根岸町','318','08010257424','okaji@iloztp.ymao.jx','1','003','1','5','4','1','0','4','0','0','2017/10/23',NULL,'2021/05/28','2022/11/23','2017/10/31',NULL,NULL,NULL,NULL,NULL,NULL,NULL,1,1);
INSERT INTO employee_users_data (employee_id,username,company_code,company_depart_code,employee_name,password,enabled,sex,birthday,age,zip_code,address1,address2,address3,block_name,phone_number,email,employee_type,employee_type_code,Java,php,javascript,mysql,system_engeneer,python,android,design,entered_at,retirement_at,company_depart_entered_at,company_depart_retirement_at,created_at,updated_at,login_time,time_out_time,logout_time,deleted_at,memo,user_img,exist,email_flg) VALUES ('94','co','00005','00112','鰻 空','1234',TRUE,'2','1993/06/13','28','716-0061','岡山県','高梁市','落合町阿部','273','09091665022','tokutarou99085@tlxgsshjig.ozox.ub','0','014','3','0','0','0','0','0','0','0','2016/05/09',NULL,'2021/04/17','2022/12/28','2016/05/13',NULL,NULL,NULL,NULL,NULL,NULL,NULL,1,1);
INSERT INTO employee_users_data (employee_id,username,company_code,company_depart_code,employee_name,password,enabled,sex,birthday,age,zip_code,address1,address2,address3,block_name,phone_number,email,employee_type,employee_type_code,Java,php,javascript,mysql,system_engeneer,python,android,design,entered_at,retirement_at,company_depart_entered_at,company_depart_retirement_at,created_at,updated_at,login_time,time_out_time,logout_time,deleted_at,memo,user_img,exist,email_flg) VALUES ('95','cp','00001','22376','富谷 彩美花','1234',TRUE,'2','1988/08/02','32','028-8605','岩手県','久慈市','山形町来内','14','09043069778','chikara530@tzrfcpzxtn.osm','0','015','4','0','0','0','0','0','0','0','2017/04/06',NULL,'2021/02/09','2022/07/07','2017/04/13',NULL,NULL,NULL,NULL,NULL,NULL,NULL,1,1);
INSERT INTO employee_users_data (employee_id,username,company_code,company_depart_code,employee_name,password,enabled,sex,birthday,age,zip_code,address1,address2,address3,block_name,phone_number,email,employee_type,employee_type_code,Java,php,javascript,mysql,system_engeneer,python,android,design,entered_at,retirement_at,company_depart_entered_at,company_depart_retirement_at,created_at,updated_at,login_time,time_out_time,logout_time,deleted_at,memo,user_img,exist,email_flg) VALUES ('96','cq','00003','22376','光月 咲埜','1234',TRUE,'2','1963/07/10','58','630-0256','奈良県','生駒市','本町','16-2-19 プラチナ本町115','09016646419','toyoki_mizukami@mxzdiskstj.hw','0','013','2','0','0','0','0','0','0','0','2020/11/21',NULL,'2021/06/22','2021/11/26','2020/11/28',NULL,NULL,NULL,NULL,NULL,NULL,NULL,1,1);
INSERT INTO employee_users_data (employee_id,username,company_code,company_depart_code,employee_name,password,enabled,sex,birthday,age,zip_code,address1,address2,address3,block_name,phone_number,email,employee_type,employee_type_code,Java,php,javascript,mysql,system_engeneer,python,android,design,entered_at,retirement_at,company_depart_entered_at,company_depart_retirement_at,created_at,updated_at,login_time,time_out_time,logout_time,deleted_at,memo,user_img,exist,email_flg) VALUES ('97','cr','00002','45545','烏賀陽 桔悠輝','1234',TRUE,'2','1987/08/28','33','946-0304','新潟県','魚沼市','穴沢','23-7 穴沢庵114','08052450920','mayu77445@apmwjjc.bhesi.yse','0','011','5','0','3','1','2','4','4','0','2021/03/26',NULL,'2021/05/26','2022/02/10','2021/03/29',NULL,NULL,NULL,NULL,NULL,NULL,NULL,1,1);
INSERT INTO employee_users_data (employee_id,username,company_code,company_depart_code,employee_name,password,enabled,sex,birthday,age,zip_code,address1,address2,address3,block_name,phone_number,email,employee_type,employee_type_code,Java,php,javascript,mysql,system_engeneer,python,android,design,entered_at,retirement_at,company_depart_entered_at,company_depart_retirement_at,created_at,updated_at,login_time,time_out_time,logout_time,deleted_at,memo,user_img,exist,email_flg) VALUES ('98','cs','00005','45545','兎 莉央','1234',TRUE,'2','1998/07/15','23','520-2123','滋賀県','大津市','瀬田大江町','31-2','08010798149','manamishima@jufrvalnqv.lk.ud','1','004','3','5','4','2','2','0','0','0','2018/04/15',NULL,'2021/02/22','2022/12/09','2018/04/22',NULL,NULL,NULL,NULL,NULL,NULL,NULL,1,1);
INSERT INTO employee_users_data (employee_id,username,company_code,company_depart_code,employee_name,password,enabled,sex,birthday,age,zip_code,address1,address2,address3,block_name,phone_number,email,employee_type,employee_type_code,Java,php,javascript,mysql,system_engeneer,python,android,design,entered_at,retirement_at,company_depart_entered_at,company_depart_retirement_at,created_at,updated_at,login_time,time_out_time,logout_time,deleted_at,memo,user_img,exist,email_flg) VALUES ('99','ct','00006','12012','竹田 成美','1234',TRUE,'2','1975/02/19','46','901-0211','沖縄県','豊見城市','饒波','4-1-3','08096727662','masayuki490@hzqgljfb.udb','1','001','4','5','2','1','1','0','0','0','2020/07/05','2021/02/17','2021/04/22','2022/01/09','2020/07/15',NULL,NULL,NULL,NULL,NULL,NULL,NULL,1,1);
INSERT INTO employee_users_data (employee_id,username,company_code,company_depart_code,employee_name,password,enabled,sex,birthday,age,zip_code,address1,address2,address3,block_name,phone_number,email,employee_type,employee_type_code,Java,php,javascript,mysql,system_engeneer,python,android,design,entered_at,retirement_at,company_depart_entered_at,company_depart_retirement_at,created_at,updated_at,login_time,time_out_time,logout_time,deleted_at,memo,user_img,exist,email_flg) VALUES ('100','cu','00001','12012','久祖神 由紀','1234',TRUE,'2','1965/02/06','56','863-2172','熊本県','天草市','旭町','1-15-7','09068383149','kiyoshi_horikoshi@hkvl.uuf','0','011','2','0','0','0','0','0','0','0','2020/09/07',NULL,'2021/07/07','2022/03/09','2020/09/13',NULL,NULL,NULL,NULL,NULL,NULL,NULL,1,1);
INSERT INTO employee_users_data (employee_id,username,company_code,company_depart_code,employee_name,password,enabled,sex,birthday,age,zip_code,address1,address2,address3,block_name,phone_number,email,employee_type,employee_type_code,Java,php,javascript,mysql,system_engeneer,python,android,design,entered_at,retirement_at,company_depart_entered_at,company_depart_retirement_at,created_at,updated_at,login_time,time_out_time,logout_time,deleted_at,memo,user_img,exist,email_flg) VALUES ('101','cv','00001','00000','谷口 利子','1234',TRUE,'2','1991/12/18','29','409-2932','山梨県','南巨摩郡身延町','杉山','32-51','09090408381','Mao_Hatanaka@nnwswruk.mfq','0','012','2','0','0','0','0','0','0','0','2017/02/12',NULL,'2021/03/09','2022/10/19','2017/02/17',NULL,NULL,NULL,NULL,NULL,NULL,NULL,1,1);
INSERT INTO employee_users_data (employee_id,username,company_code,company_depart_code,employee_name,password,enabled,sex,birthday,age,zip_code,address1,address2,address3,block_name,phone_number,email,employee_type,employee_type_code,Java,php,javascript,mysql,system_engeneer,python,android,design,entered_at,retirement_at,company_depart_entered_at,company_depart_retirement_at,created_at,updated_at,login_time,time_out_time,logout_time,deleted_at,memo,user_img,exist,email_flg) VALUES ('102','cw','00002','12012','槙 姫菜','1234',TRUE,'2','1972/09/28','48','885-0064','宮崎県','都城市','今町','121','09082305252','yui5232@bxcbysnkxl.qep','1','001','1','5','0','0','2','0','2','3','2016/06/17',NULL,'2021/02/09','2022/07/28','2016/06/20',NULL,NULL,NULL,NULL,NULL,NULL,NULL,1,1);
INSERT INTO employee_users_data (employee_id,username,company_code,company_depart_code,employee_name,password,enabled,sex,birthday,age,zip_code,address1,address2,address3,block_name,phone_number,email,employee_type,employee_type_code,Java,php,javascript,mysql,system_engeneer,python,android,design,entered_at,retirement_at,company_depart_entered_at,company_depart_retirement_at,created_at,updated_at,login_time,time_out_time,logout_time,deleted_at,memo,user_img,exist,email_flg) VALUES ('103','cx','00002','23376','小西 壱暉','1234',TRUE,'2','1964/07/30','56','921-8172','石川県','金沢市','伏見新町','3-14-8 伏見新町アパート306','08011089206','yuna00539@secohiey.bp','0','013','3','0','0','0','0','0','0','0','2016/07/18',NULL,'2021/02/09','2022/03/25','2016/07/26',NULL,NULL,NULL,NULL,NULL,NULL,NULL,1,1);
INSERT INTO employee_users_data (employee_id,username,company_code,company_depart_code,employee_name,password,enabled,sex,birthday,age,zip_code,address1,address2,address3,block_name,phone_number,email,employee_type,employee_type_code,Java,php,javascript,mysql,system_engeneer,python,android,design,entered_at,retirement_at,company_depart_entered_at,company_depart_retirement_at,created_at,updated_at,login_time,time_out_time,logout_time,deleted_at,memo,user_img,exist,email_flg) VALUES ('104','cy','00003','34515','茅 宏子','1234',TRUE,'2','1976/01/01','45','669-5134','兵庫県','朝来市','山東町迫間','12-2-11','08080463176','kazukiutsumi@pziz.vjawk.fwu','0','015','4','0','0','0','0','0','0','0','2020/06/12',NULL,'2021/04/29','2022/02/27','2020/06/18',NULL,NULL,NULL,NULL,NULL,NULL,NULL,1,1);
INSERT INTO employee_users_data (employee_id,username,company_code,company_depart_code,employee_name,password,enabled,sex,birthday,age,zip_code,address1,address2,address3,block_name,phone_number,email,employee_type,employee_type_code,Java,php,javascript,mysql,system_engeneer,python,android,design,entered_at,retirement_at,company_depart_entered_at,company_depart_retirement_at,created_at,updated_at,login_time,time_out_time,logout_time,deleted_at,memo,user_img,exist,email_flg) VALUES ('105','cz','00002','34515','坂井 遥','1234',TRUE,'2','1969/11/11','51','300-2656','茨城県','つくば市','真瀬','4-4-3 コンフォート真瀬408','08030783112','harukakurahashi@dvauxkq.alne.zqr','1','001','2','5','4','2','2','0','0','0','2020/03/14',NULL,'2021/07/15','2022/01/03','2020/03/22',NULL,NULL,NULL,NULL,NULL,NULL,NULL,1,1);
INSERT INTO employee_users_data (employee_id,username,company_code,company_depart_code,employee_name,password,enabled,sex,birthday,age,zip_code,address1,address2,address3,block_name,phone_number,email,employee_type,employee_type_code,Java,php,javascript,mysql,system_engeneer,python,android,design,entered_at,retirement_at,company_depart_entered_at,company_depart_retirement_at,created_at,updated_at,login_time,time_out_time,logout_time,deleted_at,memo,user_img,exist,email_flg) VALUES ('106','da','00003','00012','能谷 百萌葉','1234',TRUE,'2','1961/08/21','59','891-4311','鹿児島県','熊毛郡屋久島町','安房','4-12-7 安房テラス317','08090772578','shunjitabata@niwepdfvio.fl','0','011','1','0','0','0','0','0','0','0','2018/12/27',NULL,'2021/04/11','2022/08/02','2018/12/30',NULL,NULL,NULL,NULL,NULL,NULL,NULL,1,1);
INSERT INTO employee_users_data (employee_id,username,company_code,company_depart_code,employee_name,password,enabled,sex,birthday,age,zip_code,address1,address2,address3,block_name,phone_number,email,employee_type,employee_type_code,Java,php,javascript,mysql,system_engeneer,python,android,design,entered_at,retirement_at,company_depart_entered_at,company_depart_retirement_at,created_at,updated_at,login_time,time_out_time,logout_time,deleted_at,memo,user_img,exist,email_flg) VALUES ('107','db','00004','00001','手間本 泉菜','1234',TRUE,'2','1999/09/01','21','807-0024','福岡県','遠賀郡水巻町','高尾','32-34','08093040387','aoi_andou@ldwbju.pxfax.wb','1','004','3','5','4','0','0','3','0','0','2018/04/25',NULL,'2021/06/20','2022/02/07','2018/04/29',NULL,NULL,NULL,NULL,NULL,NULL,NULL,1,1);
INSERT INTO employee_users_data (employee_id,username,company_code,company_depart_code,employee_name,password,enabled,sex,birthday,age,zip_code,address1,address2,address3,block_name,phone_number,email,employee_type,employee_type_code,Java,php,javascript,mysql,system_engeneer,python,android,design,entered_at,retirement_at,company_depart_entered_at,company_depart_retirement_at,created_at,updated_at,login_time,time_out_time,logout_time,deleted_at,memo,user_img,exist,email_flg) VALUES ('108','dc','00005','34401','太屋岡 益乃','1234',TRUE,'2','1986/09/05','34','246-0011','神奈川県','横浜市瀬谷区','東野台','2-18-92','08048575130','iori291@zfice.vulce.mnp','0','016','4','0','0','0','0','0','0','0','2020/07/03',NULL,'2021/02/11','2022/10/01','2020/07/09',NULL,NULL,NULL,NULL,NULL,NULL,NULL,1,1);
INSERT INTO employee_users_data (employee_id,username,company_code,company_depart_code,employee_name,password,enabled,sex,birthday,age,zip_code,address1,address2,address3,block_name,phone_number,email,employee_type,employee_type_code,Java,php,javascript,mysql,system_engeneer,python,android,design,entered_at,retirement_at,company_depart_entered_at,company_depart_retirement_at,created_at,updated_at,login_time,time_out_time,logout_time,deleted_at,memo,user_img,exist,email_flg) VALUES ('109','dd','00001','34401','虎川 沙保里','1234',TRUE,'2','1989/10/12','31','360-0212','埼玉県','熊谷市','江波','5-8 江波シーサイド219','08030041557','maiiwama@fbpkygdofh.ofn','0','011','0','4','0','0','0','0','0','0','2019/07/19',NULL,'2021/06/06','2021/10/14','2019/07/27',NULL,NULL,NULL,NULL,NULL,NULL,NULL,1,1);
INSERT INTO employee_users_data (employee_id,username,company_code,company_depart_code,employee_name,password,enabled,sex,birthday,age,zip_code,address1,address2,address3,block_name,phone_number,email,employee_type,employee_type_code,Java,php,javascript,mysql,system_engeneer,python,android,design,entered_at,retirement_at,company_depart_entered_at,company_depart_retirement_at,created_at,updated_at,login_time,time_out_time,logout_time,deleted_at,memo,user_img,exist,email_flg) VALUES ('110','de','00003','01965','背戸川内 百永','1234',TRUE,'2','1984/10/18','36','410-2323','静岡県','伊豆の国市','大仁','4-13','09021231280','tsugio3459@pddaf.av','0','011','3','0','0','0','0','0','0','0','2020/03/04',NULL,'2021/06/05','2022/07/11','2020/03/09',NULL,NULL,NULL,NULL,NULL,NULL,NULL,1,1);
INSERT INTO employee_users_data (employee_id,username,company_code,company_depart_code,employee_name,password,enabled,sex,birthday,age,zip_code,address1,address2,address3,block_name,phone_number,email,employee_type,employee_type_code,Java,php,javascript,mysql,system_engeneer,python,android,design,entered_at,retirement_at,company_depart_entered_at,company_depart_retirement_at,created_at,updated_at,login_time,time_out_time,logout_time,deleted_at,memo,user_img,exist,email_flg) VALUES ('111','df','00002','12012','江北 由奈','1234',TRUE,'2','1973/05/26','48','370-0058','群馬県','高崎市','九蔵町','23-7-2 九蔵町ヒル300','08096630222','yuna75997@npcbl.bzw','0','013','3','0','0','0','0','0','0','0','2019/10/15',NULL,'2021/05/13','2022/11/16','2019/10/22',NULL,NULL,NULL,NULL,NULL,NULL,NULL,1,1);
INSERT INTO employee_users_data (employee_id,username,company_code,company_depart_code,employee_name,password,enabled,sex,birthday,age,zip_code,address1,address2,address3,block_name,phone_number,email,employee_type,employee_type_code,Java,php,javascript,mysql,system_engeneer,python,android,design,entered_at,retirement_at,company_depart_entered_at,company_depart_retirement_at,created_at,updated_at,login_time,time_out_time,logout_time,deleted_at,memo,user_img,exist,email_flg) VALUES ('112','dg','00005','12012','肖 汀','1234',TRUE,'2','1985/11/27','35','939-0361','富山県','射水市','太閤町','1-14-5','09086860401','ashioda@miqigbnwz.ub','1','004','5','0','3','0','0','0','0','0','2018/01/02',NULL,'2021/03/30','2022/11/28','2018/01/08',NULL,NULL,NULL,NULL,NULL,NULL,NULL,1,1);
INSERT INTO employee_users_data (employee_id,username,company_code,company_depart_code,employee_name,password,enabled,sex,birthday,age,zip_code,address1,address2,address3,block_name,phone_number,email,employee_type,employee_type_code,Java,php,javascript,mysql,system_engeneer,python,android,design,entered_at,retirement_at,company_depart_entered_at,company_depart_retirement_at,created_at,updated_at,login_time,time_out_time,logout_time,deleted_at,memo,user_img,exist,email_flg) VALUES ('113','dh','00006','00000','片倉 シャロン','1234',TRUE,'2','1963/07/15','58','540-0021','大阪府','大阪市中央区','大手通','313','09055347827','akiko105@uycijl.ys','1','004','2','5','0','0','0','0','0','0','2017/11/20',NULL,'2021/02/04','2022/11/04','2017/11/24',NULL,NULL,NULL,NULL,NULL,NULL,NULL,1,1);
INSERT INTO employee_users_data (employee_id,username,company_code,company_depart_code,employee_name,password,enabled,sex,birthday,age,zip_code,address1,address2,address3,block_name,phone_number,email,employee_type,employee_type_code,Java,php,javascript,mysql,system_engeneer,python,android,design,entered_at,retirement_at,company_depart_entered_at,company_depart_retirement_at,created_at,updated_at,login_time,time_out_time,logout_time,deleted_at,memo,user_img,exist,email_flg) VALUES ('114','di','00001','12012','久守 枝都子','1234',TRUE,'2','2001/04/21','20','811-4162','福岡県','宗像市','青葉台','32-11-9 青葉台荘308','08094700254','wznwgwzbepf=zhcritsuki4815@fhge.hs.xz','0','012','4','0','0','0','0','0','0','0','2016/11/15',NULL,'2021/04/07','2022/12/21','2016/11/22',NULL,NULL,NULL,NULL,NULL,NULL,NULL,1,1);
INSERT INTO employee_users_data (employee_id,username,company_code,company_depart_code,employee_name,password,enabled,sex,birthday,age,zip_code,address1,address2,address3,block_name,phone_number,email,employee_type,employee_type_code,Java,php,javascript,mysql,system_engeneer,python,android,design,entered_at,retirement_at,company_depart_entered_at,company_depart_retirement_at,created_at,updated_at,login_time,time_out_time,logout_time,deleted_at,memo,user_img,exist,email_flg) VALUES ('115','dj','00001','23376','唐 かき','1234',TRUE,'2','1992/04/28','29','771-5402','徳島県','那賀郡那賀町','簗ノ上','14-18 グランド簗ノ上408','09042879326','sctxcpmeriuyghiroaki812@ezvpecqxwq.wa.ltq','0','011','2','0','0','0','0','0','0','0','2017/01/10',NULL,'2021/02/28','2022/02/12','2017/01/14',NULL,NULL,NULL,NULL,NULL,NULL,NULL,,1);


/* 稼働先企業 */
INSERT INTO employee_companies_depart_data (company_depart_code,company_depart_name,created_at,updated_at) VALUES ('00000','増田銀行','2017/01/26',NULL);
INSERT INTO employee_companies_depart_data (company_depart_code,company_depart_name,created_at,updated_at) VALUES ('00112','畑中料理店','2017/05/26',NULL);
INSERT INTO employee_companies_depart_data (company_depart_code,company_depart_name,created_at,updated_at) VALUES ('22376','林フロントエンジニアズ','2019/10/31',NULL);
INSERT INTO employee_companies_depart_data (company_depart_code,company_depart_name,created_at,updated_at) VALUES ('45545','お留守番サービス濱田株式会社','2020/07/16',NULL);
INSERT INTO employee_companies_depart_data (company_depart_code,company_depart_name,created_at,updated_at) VALUES ('12012','おーしまきょーすけホールディングス','2021/07/07',NULL);
INSERT INTO employee_companies_depart_data (company_depart_code,company_depart_name,created_at,updated_at) VALUES ('00113','まさき.net','2017/08/13',NULL);
INSERT INTO employee_companies_depart_data (company_depart_code,company_depart_name,created_at,updated_at) VALUES ('00120','松田データベース','2017/06/01',NULL);
INSERT INTO employee_companies_depart_data (company_depart_code,company_depart_name,created_at,updated_at) VALUES ('00004','NPO法人感動','2017/04/21',NULL);
INSERT INTO employee_companies_depart_data (company_depart_code,company_depart_name,created_at,updated_at) VALUES ('00005','巧師匠（株）','2017/05/01',NULL);
INSERT INTO employee_companies_depart_data (company_depart_code,company_depart_name,created_at,updated_at) VALUES ('11220','メンタリストDaigo','2017/07/27',NULL);
INSERT INTO employee_companies_depart_data (company_depart_code,company_depart_name,created_at,updated_at) VALUES ('45645','心プラス','2020/09/29',NULL);
INSERT INTO employee_companies_depart_data (company_depart_code,company_depart_name,created_at,updated_at) VALUES ('34515','kokoDakara株式会社','2019/03/14',NULL);
INSERT INTO employee_companies_depart_data (company_depart_code,company_depart_name,created_at,updated_at) VALUES ('00012','ほっともっと帝','2021/05/07',NULL);
INSERT INTO employee_companies_depart_data (company_depart_code,company_depart_name,created_at,updated_at) VALUES ('00001','メゾンアグレッシブ合同会社','2017/04/14',NULL);
INSERT INTO employee_companies_depart_data (company_depart_code,company_depart_name,created_at,updated_at) VALUES ('34401','蓮華教','2020/05/09',NULL);
INSERT INTO employee_companies_depart_data (company_depart_code,company_depart_name,created_at,updated_at) VALUES ('01965','元気のネット株式会社','2018/06/21',NULL);
INSERT INTO employee_companies_depart_data (company_depart_code,company_depart_name,created_at,updated_at) VALUES ('99999','待機中',NULL,NULL);

/* 企業 */
INSERT INTO employee_companies_data (company_code,company_name,created_at,updated_at) VALUES ('00000','Y&Igroup株式会社','2017/01/26',NULL);
INSERT INTO employee_companies_data (company_code,company_name,created_at,updated_at) VALUES ('00001','B&B株式会社','2017/05/26',NULL);
INSERT INTO employee_companies_data (company_code,company_name,created_at,updated_at) VALUES ('00002','A&B株式会社','2019/10/31',NULL);
INSERT INTO employee_companies_data (company_code,company_name,created_at,updated_at) VALUES ('00003','BToC株式会社','2020/07/16',NULL);
INSERT INTO employee_companies_data (company_code,company_name,created_at,updated_at) VALUES ('00004','Atomコール株式会社','2021/07/07',NULL);
INSERT INTO employee_companies_data (company_code,company_name,created_at,updated_at) VALUES ('00005','隼太首相株式会社','2017/08/13',NULL);
INSERT INTO employee_companies_data (company_code,company_name,created_at,updated_at) VALUES ('00006','Z&Z株式会社','2017/06/01',NULL);
INSERT INTO employee_companies_data (company_code,company_name,created_at,updated_at) VALUES ('00007','XYZ株式会社','2017/04/21',NULL);

/* 言語 */
INSERT INTO employee_language_data (language_code,language,created_at,updated_at) VALUES ('0','Java','2016/04/01','2016/04/01');
INSERT INTO employee_language_data (language_code,language,created_at,updated_at) VALUES ('1','PHP','2016/04/01','2016/04/01');
INSERT INTO employee_language_data (language_code,language,created_at,updated_at) VALUES ('2','JavaScript','2016/04/01','2016/04/01');
INSERT INTO employee_language_data (language_code,language,created_at,updated_at) VALUES ('3','Python','2016/04/01','2016/04/01');
INSERT INTO employee_language_data (language_code,language,created_at,updated_at) VALUES ('4','HTML','2018/04/01','2018/04/01');
INSERT INTO employee_language_data (language_code,language,created_at,updated_at) VALUES ('5','Design','2018/04/01','2018/04/01');
INSERT INTO employee_language_data (language_code,language,created_at,updated_at) VALUES ('6','Ruby','2021/04/01','2021/04/01');
INSERT INTO employee_language_data (language_code,language,created_at,updated_at) VALUES ('7','MySQL','2018/04/01','2018/04/01');
INSERT INTO employee_language_data (language_code,language,created_at,updated_at) VALUES ('8','System_engeneer','2018/04/01','2018/04/01');
INSERT INTO employee_language_data (language_code,language,created_at,updated_at) VALUES ('9','Android','2018/04/01','2018/04/01');
INSERT INTO employee_language_data (language_code,language,created_at,updated_at) VALUES ('10','C#','2021/04/01','2021/04/01');

/* 稼働先ジャンル */
INSERT INTO employee_type_code (employee_type_code,employee_name) VALUES ('101','rakudas');
INSERT INTO employee_type_code (employee_type_code,employee_name) VALUES ('102','fleeks');
INSERT INTO employee_type_code (employee_type_code,employee_name) VALUES ('103','受託');
INSERT INTO employee_type_code (employee_type_code,employee_name) VALUES ('104','SES');
INSERT INTO employee_type_code (employee_type_code,employee_name) VALUES ('201','量販店');
INSERT INTO employee_type_code (employee_type_code,employee_name) VALUES ('202','インバウンド');
INSERT INTO employee_type_code (employee_type_code,employee_name) VALUES ('203','アウトバウンド');
INSERT INTO employee_type_code (employee_type_code,employee_name) VALUES ('204','ピッキング');
INSERT INTO employee_type_code (employee_type_code,employee_name) VALUES ('205','コロナ案内');
INSERT INTO employee_type_code (employee_type_code,employee_name) VALUES ('206','事務');

/* 権限を与えるためのデータ */
INSERT INTO employee_authorities (employee_username,authorities) VALUES ('a','ROLE_USER');
INSERT INTO employee_authorities (employee_username,authorities) VALUES ('b','ROLE_USER');
INSERT INTO employee_authorities (employee_username,authorities) VALUES ('c','ROLE_USER');
INSERT INTO employee_authorities (employee_username,authorities) VALUES ('d','ROLE_USER');
INSERT INTO employee_authorities (employee_username,authorities) VALUES ('e','ROLE_USER');
INSERT INTO employee_authorities (employee_username,authorities) VALUES ('f','ROLE_USER');
INSERT INTO employee_authorities (employee_username,authorities) VALUES ('g','ROLE_USER');
INSERT INTO employee_authorities (employee_username,authorities) VALUES ('h','ROLE_USER');
INSERT INTO employee_authorities (employee_username,authorities) VALUES ('i','ROLE_USER');
INSERT INTO employee_authorities (employee_username,authorities) VALUES ('j','ROLE_USER');
INSERT INTO employee_authorities (employee_username,authorities) VALUES ('k','ROLE_USER');
INSERT INTO employee_authorities (employee_username,authorities) VALUES ('l','ROLE_USER');
INSERT INTO employee_authorities (employee_username,authorities) VALUES ('m','ROLE_USER');
INSERT INTO employee_authorities (employee_username,authorities) VALUES ('n','ROLE_USER');
INSERT INTO employee_authorities (employee_username,authorities) VALUES ('o','ROLE_USER');
INSERT INTO employee_authorities (employee_username,authorities) VALUES ('p','ROLE_USER');
INSERT INTO employee_authorities (employee_username,authorities) VALUES ('q','ROLE_USER');
INSERT INTO employee_authorities (employee_username,authorities) VALUES ('r','ROLE_USER');
INSERT INTO employee_authorities (employee_username,authorities) VALUES ('s','ROLE_USER');
INSERT INTO employee_authorities (employee_username,authorities) VALUES ('t','ROLE_USER');
INSERT INTO employee_authorities (employee_username,authorities) VALUES ('u','ROLE_USER');
INSERT INTO employee_authorities (employee_username,authorities) VALUES ('v','ROLE_USER');
INSERT INTO employee_authorities (employee_username,authorities) VALUES ('w','ROLE_USER');
INSERT INTO employee_authorities (employee_username,authorities) VALUES ('x','ROLE_USER');
INSERT INTO employee_authorities (employee_username,authorities) VALUES ('y','ROLE_USER');
INSERT INTO employee_authorities (employee_username,authorities) VALUES ('z','ROLE_USER');
INSERT INTO employee_authorities (employee_username,authorities) VALUES ('aa','ROLE_USER');
INSERT INTO employee_authorities (employee_username,authorities) VALUES ('ab','ROLE_USER');
INSERT INTO employee_authorities (employee_username,authorities) VALUES ('ac','ROLE_USER');
INSERT INTO employee_authorities (employee_username,authorities) VALUES ('ad','ROLE_USER');
INSERT INTO employee_authorities (employee_username,authorities) VALUES ('ae','ROLE_USER');
INSERT INTO employee_authorities (employee_username,authorities) VALUES ('af','ROLE_USER');
INSERT INTO employee_authorities (employee_username,authorities) VALUES ('ag','ROLE_USER');
INSERT INTO employee_authorities (employee_username,authorities) VALUES ('ah','ROLE_USER');
INSERT INTO employee_authorities (employee_username,authorities) VALUES ('ai','ROLE_USER');
INSERT INTO employee_authorities (employee_username,authorities) VALUES ('aj','ROLE_USER');
INSERT INTO employee_authorities (employee_username,authorities) VALUES ('ak','ROLE_USER');
INSERT INTO employee_authorities (employee_username,authorities) VALUES ('al','ROLE_USER');
INSERT INTO employee_authorities (employee_username,authorities) VALUES ('am','ROLE_USER');
INSERT INTO employee_authorities (employee_username,authorities) VALUES ('an','ROLE_USER');
INSERT INTO employee_authorities (employee_username,authorities) VALUES ('ao','ROLE_USER');
INSERT INTO employee_authorities (employee_username,authorities) VALUES ('ap','ROLE_USER');
INSERT INTO employee_authorities (employee_username,authorities) VALUES ('aq','ROLE_USER');
INSERT INTO employee_authorities (employee_username,authorities) VALUES ('ar','ROLE_USER');
INSERT INTO employee_authorities (employee_username,authorities) VALUES ('as','ROLE_USER');
INSERT INTO employee_authorities (employee_username,authorities) VALUES ('at','ROLE_USER');
INSERT INTO employee_authorities (employee_username,authorities) VALUES ('au','ROLE_USER');
INSERT INTO employee_authorities (employee_username,authorities) VALUES ('av','ROLE_USER');
INSERT INTO employee_authorities (employee_username,authorities) VALUES ('aw','ROLE_USER');
INSERT INTO employee_authorities (employee_username,authorities) VALUES ('ax','ROLE_USER');
INSERT INTO employee_authorities (employee_username,authorities) VALUES ('ay','ROLE_USER');
INSERT INTO employee_authorities (employee_username,authorities) VALUES ('az','ROLE_USER');
INSERT INTO employee_authorities (employee_username,authorities) VALUES ('ba','ROLE_USER');
INSERT INTO employee_authorities (employee_username,authorities) VALUES ('bb','ROLE_USER');
INSERT INTO employee_authorities (employee_username,authorities) VALUES ('bc','ROLE_USER');
INSERT INTO employee_authorities (employee_username,authorities) VALUES ('bd','ROLE_USER');
INSERT INTO employee_authorities (employee_username,authorities) VALUES ('be','ROLE_USER');
INSERT INTO employee_authorities (employee_username,authorities) VALUES ('bf','ROLE_USER');
INSERT INTO employee_authorities (employee_username,authorities) VALUES ('bg','ROLE_USER');
INSERT INTO employee_authorities (employee_username,authorities) VALUES ('bh','ROLE_USER');
INSERT INTO employee_authorities (employee_username,authorities) VALUES ('bi','ROLE_USER');
INSERT INTO employee_authorities (employee_username,authorities) VALUES ('bj','ROLE_USER');
INSERT INTO employee_authorities (employee_username,authorities) VALUES ('bk','ROLE_USER');
INSERT INTO employee_authorities (employee_username,authorities) VALUES ('bl','ROLE_USER');
INSERT INTO employee_authorities (employee_username,authorities) VALUES ('bm','ROLE_USER');
INSERT INTO employee_authorities (employee_username,authorities) VALUES ('bn','ROLE_USER');
INSERT INTO employee_authorities (employee_username,authorities) VALUES ('bo','ROLE_USER');
INSERT INTO employee_authorities (employee_username,authorities) VALUES ('bp','ROLE_USER');
INSERT INTO employee_authorities (employee_username,authorities) VALUES ('bq','ROLE_USER');
INSERT INTO employee_authorities (employee_username,authorities) VALUES ('br','ROLE_USER');
INSERT INTO employee_authorities (employee_username,authorities) VALUES ('bs','ROLE_USER');
INSERT INTO employee_authorities (employee_username,authorities) VALUES ('bt','ROLE_USER');
INSERT INTO employee_authorities (employee_username,authorities) VALUES ('bu','ROLE_USER');
INSERT INTO employee_authorities (employee_username,authorities) VALUES ('bv','ROLE_USER');
INSERT INTO employee_authorities (employee_username,authorities) VALUES ('bw','ROLE_USER');
INSERT INTO employee_authorities (employee_username,authorities) VALUES ('bx','ROLE_USER');
INSERT INTO employee_authorities (employee_username,authorities) VALUES ('by','ROLE_USER');
INSERT INTO employee_authorities (employee_username,authorities) VALUES ('bz','ROLE_USER');
INSERT INTO employee_authorities (employee_username,authorities) VALUES ('ca','ROLE_USER');
INSERT INTO employee_authorities (employee_username,authorities) VALUES ('cb','ROLE_USER');
INSERT INTO employee_authorities (employee_username,authorities) VALUES ('cc','ROLE_USER');
INSERT INTO employee_authorities (employee_username,authorities) VALUES ('cd','ROLE_USER');
INSERT INTO employee_authorities (employee_username,authorities) VALUES ('ce','ROLE_USER');
INSERT INTO employee_authorities (employee_username,authorities) VALUES ('cf','ROLE_USER');
INSERT INTO employee_authorities (employee_username,authorities) VALUES ('cg','ROLE_USER');
INSERT INTO employee_authorities (employee_username,authorities) VALUES ('ch','ROLE_USER');
INSERT INTO employee_authorities (employee_username,authorities) VALUES ('ci','ROLE_USER');
INSERT INTO employee_authorities (employee_username,authorities) VALUES ('cj','ROLE_USER');
INSERT INTO employee_authorities (employee_username,authorities) VALUES ('ck','ROLE_USER');
INSERT INTO employee_authorities (employee_username,authorities) VALUES ('cl','ROLE_USER');
INSERT INTO employee_authorities (employee_username,authorities) VALUES ('cm','ROLE_USER');
INSERT INTO employee_authorities (employee_username,authorities) VALUES ('cn','ROLE_USER');
INSERT INTO employee_authorities (employee_username,authorities) VALUES ('co','ROLE_USER');
INSERT INTO employee_authorities (employee_username,authorities) VALUES ('cp','ROLE_USER');
INSERT INTO employee_authorities (employee_username,authorities) VALUES ('cq','ROLE_USER');
INSERT INTO employee_authorities (employee_username,authorities) VALUES ('cr','ROLE_USER');
INSERT INTO employee_authorities (employee_username,authorities) VALUES ('cs','ROLE_USER');
INSERT INTO employee_authorities (employee_username,authorities) VALUES ('ct','ROLE_USER');
INSERT INTO employee_authorities (employee_username,authorities) VALUES ('cu','ROLE_USER');
INSERT INTO employee_authorities (employee_username,authorities) VALUES ('cv','ROLE_USER');
INSERT INTO employee_authorities (employee_username,authorities) VALUES ('cw','ROLE_USER');
INSERT INTO employee_authorities (employee_username,authorities) VALUES ('cx','ROLE_USER');
INSERT INTO employee_authorities (employee_username,authorities) VALUES ('cy','ROLE_USER');
INSERT INTO employee_authorities (employee_username,authorities) VALUES ('cz','ROLE_USER');
INSERT INTO employee_authorities (employee_username,authorities) VALUES ('da','ROLE_USER');
INSERT INTO employee_authorities (employee_username,authorities) VALUES ('db','ROLE_USER');
INSERT INTO employee_authorities (employee_username,authorities) VALUES ('dc','ROLE_USER');
INSERT INTO employee_authorities (employee_username,authorities) VALUES ('dd','ROLE_USER');
INSERT INTO employee_authorities (employee_username,authorities) VALUES ('de','ROLE_USER');
INSERT INTO employee_authorities (employee_username,authorities) VALUES ('df','ROLE_USER');
INSERT INTO employee_authorities (employee_username,authorities) VALUES ('dg','ROLE_USER');
INSERT INTO employee_authorities (employee_username,authorities) VALUES ('dh','ROLE_USER');
INSERT INTO employee_authorities (employee_username,authorities) VALUES ('di','ROLE_USER');
INSERT INTO employee_authorities (employee_username,authorities) VALUES ('dj','ROLE_USER');
INSERT INTO employee_authorities (employee_username,authorities) VALUES ('a','ROLE_MANAGER');
INSERT INTO employee_authorities (employee_username,authorities) VALUES ('b','ROLE_MANAGER');
INSERT INTO employee_authorities (employee_username,authorities) VALUES ('c','ROLE_MANAGER');
INSERT INTO employee_authorities (employee_username,authorities) VALUES ('d','ROLE_MANAGER');
INSERT INTO employee_authorities (employee_username,authorities) VALUES ('e','ROLE_MANAGER');
INSERT INTO employee_authorities (employee_username,authorities) VALUES ('f','ROLE_MANAGER');
INSERT INTO employee_authorities (employee_username,authorities) VALUES ('g','ROLE_MANAGER');
INSERT INTO employee_authorities (employee_username,authorities) VALUES ('h','ROLE_MANAGER');
INSERT INTO employee_authorities (employee_username,authorities) VALUES ('i','ROLE_MANAGER');
INSERT INTO employee_authorities (employee_username,authorities) VALUES ('j','ROLE_MANAGER');
INSERT INTO employee_authorities (employee_username,authorities) VALUES ('k','ROLE_MANAGER');
INSERT INTO employee_authorities (employee_username,authorities) VALUES ('l','ROLE_MANAGER');
INSERT INTO employee_authorities (employee_username,authorities) VALUES ('m','ROLE_MANAGER');
INSERT INTO employee_authorities (employee_username,authorities) VALUES ('n','ROLE_MANAGER');
INSERT INTO employee_authorities (employee_username,authorities) VALUES ('o','ROLE_MANAGER');
INSERT INTO employee_authorities (employee_username,authorities) VALUES ('p','ROLE_MANAGER');
INSERT INTO employee_authorities (employee_username,authorities) VALUES ('q','ROLE_MANAGER');
INSERT INTO employee_authorities (employee_username,authorities) VALUES ('r','ROLE_MANAGER');
INSERT INTO employee_authorities (employee_username,authorities) VALUES ('s','ROLE_MANAGER');
INSERT INTO employee_authorities (employee_username,authorities) VALUES ('t','ROLE_MANAGER');
INSERT INTO employee_authorities (employee_username,authorities) VALUES ('u','ROLE_MANAGER');
INSERT INTO employee_authorities (employee_username,authorities) VALUES ('v','ROLE_MANAGER');
INSERT INTO employee_authorities (employee_username,authorities) VALUES ('w','ROLE_MANAGER');
INSERT INTO employee_authorities (employee_username,authorities) VALUES ('x','ROLE_MANAGER');
INSERT INTO employee_authorities (employee_username,authorities) VALUES ('y','ROLE_MANAGER');
INSERT INTO employee_authorities (employee_username,authorities) VALUES ('z','ROLE_MANAGER');
INSERT INTO employee_authorities (employee_username,authorities) VALUES ('aa','ROLE_MANAGER');
INSERT INTO employee_authorities (employee_username,authorities) VALUES ('ab','ROLE_MANAGER');
INSERT INTO employee_authorities (employee_username,authorities) VALUES ('ac','ROLE_MANAGER');
INSERT INTO employee_authorities (employee_username,authorities) VALUES ('a','ROLE_ADMIN');
INSERT INTO employee_authorities (employee_username,authorities) VALUES ('b','ROLE_ADMIN');
INSERT INTO employee_authorities (employee_username,authorities) VALUES ('c','ROLE_ADMIN');
INSERT INTO employee_authorities (employee_username,authorities) VALUES ('d','ROLE_ADMIN');
INSERT INTO employee_authorities (employee_username,authorities) VALUES ('e','ROLE_ADMIN');
INSERT INTO employee_authorities (employee_username,authorities) VALUES ('f','ROLE_ADMIN');
INSERT INTO employee_authorities (employee_username,authorities) VALUES ('g','ROLE_ADMIN');
INSERT INTO employee_authorities (employee_username,authorities) VALUES ('h','ROLE_ADMIN');
INSERT INTO employee_authorities (employee_username,authorities) VALUES ('i','ROLE_ADMIN');
INSERT INTO employee_authorities (employee_username,authorities) VALUES ('j','ROLE_ADMIN');

UPDATE employee_users_data SET password = '$2a$10$SUlfgKdvPP4EwMIOPf2BDuM/ad.0MeyJtFvJhg2eHypLFA2ULKeBW';
UPDATE employee_users_data SET email_flg = 1;
UPDATE employee_users_data SET exist = 1;

INSERT INTO employee_sex (sex,sex_name) VALUES (1,'男性');
INSERT INTO employee_sex (sex,sex_name) VALUES (2,'女性');
